

/* Start of automatically generated font definition for Century60. */

#ifndef MF_BWFONT_INTERNALS
#define MF_BWFONT_INTERNALS
#endif
#include "mf_bwfont.h"

#ifndef MF_BWFONT_VERSION_4_SUPPORTED
#error The font file is not compatible with this version of mcufont.
#endif

static const uint8_t mf_bwfont_Century60_glyph_data_0[17368] PROGMEM = {
    0x00, 0x00, 0x00, 0x00, 0x00, 0x00, 0x00, 0x00, 0x00, 0x00, 0x00, 0x00, 0x00, 0x00, 0x00, 0x00,
    0x00, 0x00, 0x00, 0x00, 0x00, 0x00, 0x00, 0x00, 0x00, 0x00, 0x00, 0x00, 0x00, 0x00, 0x00, 0x00,
    0x00, 0x00, 0x00, 0x00, 0x00, 0x00, 0x00, 0x00, 0x00, 0x00, 0x00, 0x00, 0x00, 0x00, 0x01, 0x00,
    0x00, 0x00, 0x00, 0x00, 0x00, 0xe0, 0x01, 0x00, 0x00, 0x00, 0x00, 0x00, 0x00, 0xf8, 0x03, 0x00,
    0x00, 0x00, 0x00, 0x00, 0x00, 0xff, 0x01, 0x00, 0x00, 0x00, 0x00, 0x00, 0xc0, 0x7f, 0x00, 0x00,
    0x00, 0x00, 0x00, 0x00, 0xe0, 0x1f, 0x00, 0x00, 0x00, 0x00, 0x00, 0x00, 0xc0, 0x07, 0x00, 0x00,
    0x00, 0x00, 0x00, 0x00, 0xc0, 0x03, 0x00, 0x00, 0x00, 0x00, 0x00, 0x00, 0x80, 0x00, 0x00, 0x00,
    0x00, 0x00, 0x00, 0x00, 0x00, 0x00, 0x00, 0x00, 0x00, 0x00, 0x00, 0x00, 0x00, 0x00, 0x00, 0x00,
    0x00, 0x00, 0x00, 0x00, 0x00, 0x00, 0x00, 0x00, 0x00, 0x00, 0x00, 0x00, 0x00, 0x00, 0x00, 0x00,
    0x00, 0x00, 0x00, 0x00, 0x00, 0x00, 0x00, 0x00, 0x00, 0x00, 0x00, 0x00, 0x00, 0x00, 0x00, 0x00,
    0x00, 0x00, 0x00, 0x00, 0x00, 0x00, 0x00, 0x00, 0x00, 0x00, 0x00, 0x00, 0x00, 0x0e, 0x00, 0x00,
    0x00, 0x00, 0x00, 0x00, 0x00, 0x1f, 0x00, 0x00, 0x00, 0x00, 0x00, 0x00, 0x80, 0x3f, 0x00, 0x00,
    0x00, 0x00, 0x00, 0x00, 0x80, 0x3f, 0x00, 0x00, 0x00, 0x00, 0x00, 0x00, 0x80, 0x3f, 0x00, 0x00,
    0x00, 0x00, 0x00, 0x00, 0x00, 0x1f, 0x00, 0x00, 0x00, 0x00, 0x00, 0x00, 0x00, 0x0e, 0x00, 0x00,
    0x00, 0x00, 0x00, 0x00, 0x00, 0x00, 0x00, 0x00, 0x00, 0x00, 0x00, 0x00, 0x00, 0x00, 0x00, 0x00,
    0x00, 0x00, 0x00, 0x00, 0x00, 0x00, 0x00, 0x00, 0x00, 0x00, 0x00, 0x00, 0x00, 0x00, 0x00, 0x00,
    0x00, 0x00, 0x00, 0x00, 0x00, 0x00, 0x04, 0x00, 0x00, 0x00, 0x00, 0x00, 0x00, 0x80, 0x07, 0x00,
    0x00, 0x00, 0x00, 0x00, 0x00, 0xf0, 0x07, 0x00, 0x00, 0x00, 0x00, 0x00, 0x00, 0xfe, 0x07, 0x00,
    0x00, 0x00, 0x00, 0x00, 0xc0, 0xff, 0x03, 0x00, 0x00, 0x00, 0x00, 0x00, 0xf0, 0x7f, 0x00, 0x00,
    0x00, 0x00, 0x00, 0x00, 0xfe, 0x1f, 0x00, 0x00, 0x00, 0x00, 0x00, 0xc0, 0xff, 0x03, 0x00, 0x00,
    0x00, 0x00, 0x00, 0xf8, 0x7f, 0x00, 0x00, 0x00, 0x00, 0x00, 0x00, 0xff, 0x0f, 0x00, 0x00, 0x00,
    0x00, 0x00, 0xe0, 0xff, 0x01, 0x00, 0x00, 0x00, 0x00, 0x00, 0xf8, 0x7f, 0x00, 0x00, 0x00, 0x00,
    0x00, 0x00, 0xff, 0x0f, 0x00, 0x00, 0x00, 0x00, 0x00, 0xe0, 0xff, 0x01, 0x00, 0x00, 0x00, 0x00,
    0x00, 0xfc, 0x3f, 0x00, 0x00, 0x00, 0x00, 0x00, 0x80, 0xff, 0x07, 0x00, 0x00, 0x00, 0x00, 0x00,
    0xe0, 0xff, 0x00, 0x00, 0x00, 0x00, 0x00, 0x00, 0xfc, 0x3f, 0x00, 0x00, 0x00, 0x00, 0x00, 0x00,
    0xfe, 0x07, 0x00, 0x00, 0x00, 0x00, 0x00, 0x00, 0xfe, 0x00, 0x00, 0x00, 0x00, 0x00, 0x00, 0x00,
    0x1e, 0x00, 0x00, 0x00, 0x00, 0x00, 0x00, 0x00, 0x02, 0x00, 0x00, 0x00, 0x00, 0x00, 0x00, 0x00,
    0x00, 0x00, 0x00, 0x00, 0x00, 0x00, 0x00, 0x00, 0x00, 0x00, 0x00, 0x00, 0x00, 0x00, 0x00, 0x00,
    0x00, 0x00, 0x00, 0x00, 0x00, 0x00, 0x00, 0x00, 0x00, 0x00, 0x00, 0x00, 0x00, 0x00, 0x00, 0x00,
    0x00, 0x80, 0xff, 0x7f, 0x00, 0x00, 0x00, 0x00, 0x00, 0xf8, 0xff, 0xff, 0x0f, 0x00, 0x00, 0x00,
    0x00, 0xfe, 0xff, 0xff, 0x3f, 0x00, 0x00, 0x00, 0x80, 0xff, 0xff, 0xff, 0xff, 0x00, 0x00, 0x00,
    0xc0, 0xff, 0x00, 0x80, 0xff, 0x01, 0x00, 0x00, 0xe0, 0x0f, 0x00, 0x00, 0xf8, 0x03, 0x00, 0x00,
    0xf0, 0x03, 0x00, 0x00, 0xe0, 0x07, 0x00, 0x00, 0xf8, 0x00, 0x00, 0x00, 0x80, 0x0f, 0x00, 0x00,
    0x7c, 0x00, 0x00, 0x00, 0x00, 0x1f, 0x00, 0x00, 0x7c, 0x00, 0x00, 0x00, 0x00, 0x1f, 0x00, 0x00,
    0x3c, 0x00, 0x00, 0x00, 0x00, 0x1e, 0x00, 0x00, 0x3e, 0x00, 0x00, 0x00, 0x00, 0x3e, 0x00, 0x00,
    0x1e, 0x00, 0x00, 0x00, 0x00, 0x3c, 0x00, 0x00, 0x1e, 0x00, 0x00, 0x00, 0x00, 0x3c, 0x00, 0x00,
    0x1e, 0x00, 0x00, 0x00, 0x00, 0x3c, 0x00, 0x00, 0x1e, 0x00, 0x00, 0x00, 0x00, 0x3c, 0x00, 0x00,
    0x1e, 0x00, 0x00, 0x00, 0x00, 0x3c, 0x00, 0x00, 0x3e, 0x00, 0x00, 0x00, 0x00, 0x3e, 0x00, 0x00,
    0x3c, 0x00, 0x00, 0x00, 0x00, 0x1e, 0x00, 0x00, 0x7c, 0x00, 0x00, 0x00, 0x00, 0x1f, 0x00, 0x00,
    0xf8, 0x00, 0x00, 0x00, 0x80, 0x0f, 0x00, 0x00, 0xf8, 0x01, 0x00, 0x00, 0xc0, 0x0f, 0x00, 0x00,
    0xf0, 0x03, 0x00, 0x00, 0xe0, 0x07, 0x00, 0x00, 0xe0, 0x1f, 0x00, 0x00, 0xfc, 0x03, 0x00, 0x00,
    0xc0, 0xff, 0x01, 0xc0, 0xff, 0x01, 0x00, 0x00, 0x00, 0xff, 0xff, 0xff, 0x7f, 0x00, 0x00, 0x00,
    0x00, 0xfe, 0xff, 0xff, 0x3f, 0x00, 0x00, 0x00, 0x00, 0xf0, 0xff, 0xff, 0x07, 0x00, 0x00, 0x00,
    0x00, 0x00, 0xff, 0x7f, 0x00, 0x00, 0x00, 0x00, 0x00, 0x00, 0x00, 0x00, 0x00, 0x00, 0x00, 0x00,
    0x00, 0x00, 0x00, 0x00, 0x00, 0x00, 0x00, 0x00, 0x00, 0x00, 0x00, 0x00, 0x00, 0x00, 0x00, 0x00,
    0x00, 0x00, 0x00, 0x00, 0x00, 0x00, 0x00, 0x00, 0x00, 0x00, 0x00, 0x00, 0x00, 0x00, 0x00, 0x00,
    0x00, 0x00, 0x00, 0x00, 0x00, 0x00, 0x00, 0x00, 0x00, 0x00, 0x00, 0x00, 0x00, 0x00, 0x00, 0x00,
    0x00, 0x00, 0x00, 0x00, 0x00, 0x00, 0x00, 0x00, 0x00, 0x00, 0x00, 0x00, 0x00, 0x00, 0x00, 0x00,
    0x00, 0x00, 0x00, 0x00, 0x00, 0x00, 0x00, 0x00, 0x20, 0x00, 0x00, 0x00, 0x00, 0x00, 0x00, 0x00,
    0x30, 0x00, 0x00, 0x00, 0x00, 0x00, 0x00, 0x00, 0x3c, 0x00, 0x00, 0x00, 0x00, 0x00, 0x00, 0x00,
    0x3c, 0x00, 0x00, 0x00, 0x00, 0x00, 0x00, 0x00, 0x3c, 0x00, 0x00, 0x00, 0x00, 0x00, 0x00, 0x00,
    0x3c, 0x00, 0x00, 0x00, 0x00, 0x00, 0x00, 0x00, 0x3c, 0x00, 0x00, 0x00, 0x00, 0x00, 0x00, 0x00,
    0xfc, 0xff, 0xff, 0xff, 0xff, 0x1f, 0x00, 0x00, 0xfc, 0xff, 0xff, 0xff, 0xff, 0x1f, 0x00, 0x00,
    0xfc, 0xff, 0xff, 0xff, 0xff, 0x1f, 0x00, 0x00, 0xfc, 0xff, 0xff, 0xff, 0xff, 0x1f, 0x00, 0x00,
    0x00, 0x00, 0x00, 0x00, 0x00, 0x00, 0x00, 0x00, 0x00, 0x00, 0x00, 0x00, 0x00, 0x00, 0x00, 0x00,
    0x00, 0x00, 0x00, 0x00, 0x00, 0x00, 0x00, 0x00, 0x00, 0x00, 0x00, 0x00, 0x00, 0x00, 0x00, 0x00,
    0x00, 0x00, 0x00, 0x00, 0x00, 0x10, 0x00, 0x00, 0x00, 0x78, 0x00, 0x00, 0x00, 0x18, 0x00, 0x00,
    0x00, 0x7e, 0x00, 0x00, 0x00, 0x1c, 0x00, 0x00, 0x80, 0x7f, 0x00, 0x00, 0x00, 0x1e, 0x00, 0x00,
    0xc0, 0x7f, 0x00, 0x00, 0x00, 0x1f, 0x00, 0x00, 0xe0, 0x0f, 0x00, 0x00, 0x80, 0x1f, 0x00, 0x00,
    0xf0, 0x03, 0x00, 0x00, 0xc0, 0x1f, 0x00, 0x00, 0xf8, 0x00, 0x00, 0x00, 0xe0, 0x1f, 0x00, 0x00,
    0x7c, 0x00, 0x00, 0x00, 0xf0, 0x1f, 0x00, 0x00, 0x3c, 0x00, 0x00, 0x00, 0xf8, 0x1e, 0x00, 0x00,
    0x3c, 0x00, 0x00, 0x00, 0x7e, 0x1e, 0x00, 0x00, 0x3e, 0x00, 0x00, 0x00, 0x3f, 0x1e, 0x00, 0x00,
    0x1e, 0x00, 0x00, 0x80, 0x1f, 0x1e, 0x00, 0x00, 0x1e, 0x00, 0x00, 0xc0, 0x0f, 0x1e, 0x00, 0x00,
    0x1e, 0x00, 0x00, 0xe0, 0x07, 0x1e, 0x00, 0x00, 0x1e, 0x00, 0x00, 0xf0, 0x03, 0x1e, 0x00, 0x00,
    0x1e, 0x00, 0x00, 0xf8, 0x01, 0x1e, 0x00, 0x00, 0x1e, 0x00, 0x00, 0x7c, 0x00, 0x1e, 0x00, 0x00,
    0x3e, 0x00, 0x00, 0x3e, 0x00, 0x1e, 0x00, 0x00, 0x3c, 0x00, 0x80, 0x1f, 0x00, 0x1e, 0x00, 0x00,
    0x7c, 0x00, 0xc0, 0x0f, 0x00, 0x1e, 0x00, 0x00, 0xf8, 0x00, 0xe0, 0x07, 0x00, 0x1e, 0x00, 0x00,
    0xf8, 0x01, 0xf8, 0x03, 0x00, 0x1e, 0x00, 0x00, 0xf0, 0x07, 0xfe, 0x01, 0x00, 0x1e, 0x00, 0x00,
    0xe0, 0xff, 0x7f, 0x00, 0x00, 0x1e, 0x00, 0x00, 0xc0, 0xff, 0x3f, 0x00, 0x00, 0x1e, 0x00, 0x00,
    0x00, 0xff, 0x0f, 0x00, 0x00, 0x1e, 0x00, 0x00, 0x00, 0xfc, 0x03, 0x00, 0x00, 0x1e, 0x00, 0x00,
    0x00, 0x00, 0x00, 0x00, 0x00, 0x1e, 0x00, 0x00, 0x00, 0x00, 0x00, 0x00, 0x00, 0x00, 0x00, 0x00,
    0x00, 0x00, 0x00, 0x00, 0x00, 0x00, 0x00, 0x00, 0x00, 0x00, 0x00, 0x00, 0x00, 0x00, 0x00, 0x00,
    0x00, 0x00, 0x00, 0x00, 0x00, 0x00, 0x00, 0x00, 0x00, 0x00, 0x00, 0x00, 0x0c, 0x00, 0x00, 0x00,
    0x00, 0x0c, 0x00, 0x00, 0x7c, 0x00, 0x00, 0x00, 0x00, 0x0f, 0x00, 0x00, 0xfc, 0x00, 0x00, 0x00,
    0xc0, 0x0f, 0x00, 0x00, 0xfc, 0x03, 0x00, 0x00, 0xe0, 0x0f, 0x00, 0x00, 0xf0, 0x07, 0x00, 0x00,
    0xf0, 0x07, 0x00, 0x00, 0xc0, 0x07, 0x00, 0x00, 0xf8, 0x01, 0x00, 0x00, 0x80, 0x0f, 0x00, 0x00,
    0xf8, 0x00, 0x00, 0x00, 0x00, 0x1f, 0x00, 0x00, 0x7c, 0x00, 0x00, 0x00, 0x00, 0x1e, 0x00, 0x00,
    0x3c, 0x00, 0x00, 0x00, 0x00, 0x1e, 0x00, 0x00, 0x3e, 0x00, 0x00, 0x00, 0x00, 0x3e, 0x00, 0x00,
    0x1e, 0x00, 0x00, 0x00, 0x00, 0x3c, 0x00, 0x00, 0x1e, 0x00, 0x78, 0x00, 0x00, 0x3c, 0x00, 0x00,
    0x1e, 0x00, 0x78, 0x00, 0x00, 0x3c, 0x00, 0x00, 0x1e, 0x00, 0x78, 0x00, 0x00, 0x3c, 0x00, 0x00,
    0x1e, 0x00, 0x78, 0x00, 0x00, 0x3c, 0x00, 0x00, 0x1e, 0x00, 0xfc, 0x00, 0x00, 0x3c, 0x00, 0x00,
    0x1e, 0x00, 0xfc, 0x00, 0x00, 0x3c, 0x00, 0x00, 0x3c, 0x00, 0xfc, 0x00, 0x00, 0x1e, 0x00, 0x00,
    0x3c, 0x00, 0xfe, 0x00, 0x00, 0x1e, 0x00, 0x00, 0x7c, 0x00, 0xfe, 0x01, 0x00, 0x1f, 0x00, 0x00,
    0xf8, 0x00, 0xff, 0x03, 0x00, 0x0f, 0x00, 0x00, 0xf0, 0xc3, 0xef, 0x03, 0x80, 0x0f, 0x00, 0x00,
    0xf0, 0xff, 0xc7, 0x0f, 0xe0, 0x07, 0x00, 0x00, 0xe0, 0xff, 0xc3, 0x3f, 0xf8, 0x03, 0x00, 0x00,
    0x80, 0xff, 0x81, 0xff, 0xff, 0x01, 0x00, 0x00, 0x00, 0x7e, 0x00, 0xff, 0xff, 0x00, 0x00, 0x00,
    0x00, 0x00, 0x00, 0xfc, 0x3f, 0x00, 0x00, 0x00, 0x00, 0x00, 0x00, 0xf0, 0x0f, 0x00, 0x00, 0x00,
    0x00, 0x00, 0x00, 0x00, 0x00, 0x00, 0x00, 0x00, 0x00, 0x00, 0x00, 0x00, 0x00, 0x00, 0x00, 0x00,
    0x00, 0x00, 0x00, 0x00, 0x00, 0x00, 0x00, 0x00, 0x00, 0x00, 0x00, 0x00, 0x00, 0x00, 0x00, 0x00,
    0x00, 0x00, 0x00, 0x00, 0x04, 0x00, 0x00, 0x00, 0x00, 0x00, 0x00, 0x00, 0x06, 0x00, 0x00, 0x00,
    0x00, 0x00, 0x00, 0x80, 0x07, 0x00, 0x00, 0x00, 0x00, 0x00, 0x00, 0xc0, 0x07, 0x00, 0x00, 0x00,
    0x00, 0x00, 0x00, 0xf0, 0x07, 0x00, 0x00, 0x00, 0x00, 0x00, 0x00, 0xf8, 0x07, 0x00, 0x00, 0x00,
    0x00, 0x00, 0x00, 0xfe, 0x07, 0x00, 0x00, 0x00, 0x00, 0x00, 0x00, 0xff, 0x07, 0x00, 0x00, 0x00,
    0x00, 0x00, 0x80, 0x9f, 0x07, 0x00, 0x00, 0x00, 0x00, 0x00, 0xe0, 0x8f, 0x07, 0x00, 0x00, 0x00,
    0x00, 0x00, 0xf0, 0x83, 0x07, 0x00, 0x00, 0x00, 0x00, 0x00, 0xfc, 0x81, 0x07, 0x00, 0x00, 0x00,
    0x00, 0x00, 0x7e, 0x80, 0x07, 0x00, 0x00, 0x00, 0x00, 0x80, 0x3f, 0x80, 0x07, 0x00, 0x00, 0x00,
    0x00, 0xc0, 0x1f, 0x80, 0x07, 0x00, 0x00, 0x00, 0x00, 0xf0, 0x07, 0x80, 0x07, 0x00, 0x00, 0x00,
    0x00, 0xf8, 0x03, 0x80, 0x07, 0x00, 0x00, 0x00, 0x00, 0xfe, 0x00, 0x80, 0x07, 0x00, 0x00, 0x00,
    0x00, 0x7f, 0x00, 0x80, 0x07, 0x00, 0x00, 0x00, 0xc0, 0x1f, 0x00, 0x80, 0x07, 0x00, 0x00, 0x00,
    0xe0, 0xff, 0xff, 0xff, 0xff, 0x1f, 0x00, 0x00, 0xf8, 0xff, 0xff, 0xff, 0xff, 0x1f, 0x00, 0x00,
    0xfc, 0xff, 0xff, 0xff, 0xff, 0x1f, 0x00, 0x00, 0xfe, 0xff, 0xff, 0xff, 0xff, 0x1f, 0x00, 0x00,
    0x00, 0x00, 0x00, 0x80, 0x07, 0x00, 0x00, 0x00, 0x00, 0x00, 0x00, 0x80, 0x07, 0x00, 0x00, 0x00,
    0x00, 0x00, 0x00, 0x80, 0x07, 0x00, 0x00, 0x00, 0x00, 0x00, 0x00, 0x80, 0x07, 0x00, 0x00, 0x00,
    0x00, 0x00, 0x00, 0x80, 0x07, 0x00, 0x00, 0x00, 0x00, 0x00, 0x00, 0x00, 0x00, 0x00, 0x00, 0x00,
    0x00, 0x00, 0x00, 0x00, 0x00, 0x00, 0x00, 0x00, 0x00, 0x00, 0x00, 0x00, 0x00, 0x00, 0x00, 0x00,
    0x00, 0x00, 0x00, 0x00, 0x00, 0x00, 0x00, 0x00, 0x00, 0x00, 0x00, 0x00, 0x0c, 0x00, 0x00, 0x00,
    0x00, 0x00, 0x00, 0x00, 0x7c, 0x00, 0x00, 0x00, 0x00, 0x00, 0x00, 0x00, 0xfc, 0x01, 0x00, 0x00,
    0x00, 0x00, 0x00, 0x00, 0xfc, 0x03, 0x00, 0x00, 0x00, 0x00, 0x70, 0x00, 0xf0, 0x07, 0x00, 0x00,
    0x00, 0x80, 0x7f, 0x00, 0xc0, 0x0f, 0x00, 0x00, 0x00, 0xfc, 0x3f, 0x00, 0x80, 0x0f, 0x00, 0x00,
    0xe0, 0xff, 0x3f, 0x00, 0x00, 0x1f, 0x00, 0x00, 0xfc, 0xff, 0x3f, 0x00, 0x00, 0x1e, 0x00, 0x00,
    0xfc, 0x7f, 0x1c, 0x00, 0x00, 0x3e, 0x00, 0x00, 0xfc, 0x03, 0x1e, 0x00, 0x00, 0x3c, 0x00, 0x00,
    0x3c, 0x00, 0x1e, 0x00, 0x00, 0x3c, 0x00, 0x00, 0x3c, 0x00, 0x1e, 0x00, 0x00, 0x3c, 0x00, 0x00,
    0x3c, 0x00, 0x1e, 0x00, 0x00, 0x3c, 0x00, 0x00, 0x3c, 0x00, 0x1e, 0x00, 0x00, 0x3c, 0x00, 0x00,
    0x3c, 0x00, 0x1e, 0x00, 0x00, 0x3c, 0x00, 0x00, 0x3c, 0x00, 0x1e, 0x00, 0x00, 0x3c, 0x00, 0x00,
    0x3c, 0x00, 0x3e, 0x00, 0x00, 0x1e, 0x00, 0x00, 0x3c, 0x00, 0x3c, 0x00, 0x00, 0x1e, 0x00, 0x00,
    0x3c, 0x00, 0x3c, 0x00, 0x00, 0x1f, 0x00, 0x00, 0x3c, 0x00, 0x7c, 0x00, 0x80, 0x0f, 0x00, 0x00,
    0x3c, 0x00, 0xf8, 0x00, 0xc0, 0x0f, 0x00, 0x00, 0x3c, 0x00, 0xf0, 0x01, 0xe0, 0x07, 0x00, 0x00,
    0x3c, 0x00, 0xf0, 0x07, 0xfc, 0x03, 0x00, 0x00, 0x3c, 0x00, 0xe0, 0xff, 0xff, 0x01, 0x00, 0x00,
    0x3c, 0x00, 0x80, 0xff, 0xff, 0x00, 0x00, 0x00, 0x3c, 0x00, 0x00, 0xff, 0x3f, 0x00, 0x00, 0x00,
    0x00, 0x00, 0x00, 0xf8, 0x07, 0x00, 0x00, 0x00, 0x00, 0x00, 0x00, 0x00, 0x00, 0x00, 0x00, 0x00,
    0x00, 0x00, 0x00, 0x00, 0x00, 0x00, 0x00, 0x00, 0x00, 0x00, 0x00, 0x00, 0x00, 0x00, 0x00, 0x00,
    0x00, 0x00, 0x00, 0x00, 0x00, 0x00, 0x00, 0x00, 0x00, 0x00, 0x00, 0x00, 0x00, 0x00, 0x00, 0x00,
    0x00, 0x00, 0x00, 0x00, 0x00, 0x00, 0x00, 0x00, 0x00, 0x00, 0x00, 0xe0, 0x1f, 0x00, 0x00, 0x00,
    0x00, 0x00, 0x00, 0xfc, 0x7f, 0x00, 0x00, 0x00, 0x00, 0x00, 0x00, 0xff, 0xff, 0x01, 0x00, 0x00,
    0x00, 0x00, 0xc0, 0xff, 0xff, 0x03, 0x00, 0x00, 0x00, 0x00, 0xe0, 0x3f, 0xf0, 0x07, 0x00, 0x00,
    0x00, 0x00, 0xf8, 0x0f, 0xc0, 0x0f, 0x00, 0x00, 0x00, 0x00, 0xfc, 0x07, 0x80, 0x0f, 0x00, 0x00,
    0x00, 0x00, 0xff, 0x03, 0x00, 0x1f, 0x00, 0x00, 0x00, 0x80, 0xff, 0x01, 0x00, 0x1e, 0x00, 0x00,
    0x00, 0xc0, 0xef, 0x01, 0x00, 0x3e, 0x00, 0x00, 0x00, 0xf0, 0xf7, 0x00, 0x00, 0x3c, 0x00, 0x00,
    0x00, 0xf8, 0xf1, 0x00, 0x00, 0x3c, 0x00, 0x00, 0x00, 0xfe, 0xf0, 0x00, 0x00, 0x3c, 0x00, 0x00,
    0x00, 0x3f, 0xf0, 0x00, 0x00, 0x3c, 0x00, 0x00, 0xc0, 0x1f, 0xf0, 0x00, 0x00, 0x3c, 0x00, 0x00,
    0xe0, 0x0f, 0xf0, 0x00, 0x00, 0x3c, 0x00, 0x00, 0xf8, 0x03, 0xf0, 0x01, 0x00, 0x3e, 0x00, 0x00,
    0xfc, 0x01, 0xe0, 0x01, 0x00, 0x1e, 0x00, 0x00, 0x7e, 0x00, 0xe0, 0x03, 0x00, 0x1f, 0x00, 0x00,
    0x3c, 0x00, 0xe0, 0x07, 0x80, 0x0f, 0x00, 0x00, 0x0c, 0x00, 0xc0, 0x0f, 0xc0, 0x0f, 0x00, 0x00,
    0x00, 0x00, 0x80, 0x3f, 0xf0, 0x07, 0x00, 0x00, 0x00, 0x00, 0x00, 0xff, 0xff, 0x03, 0x00, 0x00,
    0x00, 0x00, 0x00, 0xfe, 0xff, 0x01, 0x00, 0x00, 0x00, 0x00, 0x00, 0xf8, 0x7f, 0x00, 0x00, 0x00,
    0x00, 0x00, 0x00, 0xe0, 0x1f, 0x00, 0x00, 0x00, 0x00, 0x00, 0x00, 0x00, 0x00, 0x00, 0x00, 0x00,
    0x00, 0x00, 0x00, 0x00, 0x00, 0x00, 0x00, 0x00, 0x00, 0x00, 0x00, 0x00, 0x00, 0x00, 0x00, 0x00,
    0x00, 0x00, 0x00, 0x00, 0x00, 0x00, 0x00, 0x00, 0x00, 0x00, 0x00, 0x00, 0x00, 0x00, 0x00, 0x00,
    0x00, 0x00, 0x00, 0x00, 0x00, 0x00, 0x00, 0x00, 0x3c, 0x00, 0x00, 0x00, 0x00, 0x00, 0x00, 0x00,
    0x3c, 0x00, 0x00, 0x00, 0x00, 0x10, 0x00, 0x00, 0x3c, 0x00, 0x00, 0x00, 0x00, 0x1c, 0x00, 0x00,
    0x3c, 0x00, 0x00, 0x00, 0x00, 0x1f, 0x00, 0x00, 0x3c, 0x00, 0x00, 0x00, 0xc0, 0x3f, 0x00, 0x00,
    0x3c, 0x00, 0x00, 0x00, 0xf0, 0x1f, 0x00, 0x00, 0x3c, 0x00, 0x00, 0x00, 0xfc, 0x07, 0x00, 0x00,
    0x3c, 0x00, 0x00, 0x00, 0xff, 0x01, 0x00, 0x00, 0x3c, 0x00, 0x00, 0xc0, 0x7f, 0x00, 0x00, 0x00,
    0x3c, 0x00, 0x00, 0xf0, 0x1f, 0x00, 0x00, 0x00, 0x3c, 0x00, 0x00, 0xfc, 0x07, 0x00, 0x00, 0x00,
    0x3c, 0x00, 0x00, 0xff, 0x01, 0x00, 0x00, 0x00, 0x3c, 0x00, 0xc0, 0x7f, 0x00, 0x00, 0x00, 0x00,
    0x3c, 0x00, 0xf0, 0x1f, 0x00, 0x00, 0x00, 0x00, 0x3c, 0x00, 0xfc, 0x07, 0x00, 0x00, 0x00, 0x00,
    0x3c, 0x00, 0xff, 0x01, 0x00, 0x00, 0x00, 0x00, 0x3c, 0xc0, 0x7f, 0x00, 0x00, 0x00, 0x00, 0x00,
    0x3c, 0xf0, 0x1f, 0x00, 0x00, 0x00, 0x00, 0x00, 0x3c, 0xfc, 0x07, 0x00, 0x00, 0x00, 0x00, 0x00,
    0x3c, 0xff, 0x01, 0x00, 0x00, 0x00, 0x00, 0x00, 0xfc, 0x7f, 0x00, 0x00, 0x00, 0x00, 0x00, 0x00,
    0xfc, 0x1f, 0x00, 0x00, 0x00, 0x00, 0x00, 0x00, 0xfc, 0x07, 0x00, 0x00, 0x00, 0x00, 0x00, 0x00,
    0xfc, 0x01, 0x00, 0x00, 0x00, 0x00, 0x00, 0x00, 0x7c, 0x00, 0x00, 0x00, 0x00, 0x00, 0x00, 0x00,
    0x1c, 0x00, 0x00, 0x00, 0x00, 0x00, 0x00, 0x00, 0x04, 0x00, 0x00, 0x00, 0x00, 0x00, 0x00, 0x00,
    0x00, 0x00, 0x00, 0x00, 0x00, 0x00, 0x00, 0x00, 0x00, 0x00, 0x00, 0x00, 0x00, 0x00, 0x00, 0x00,
    0x00, 0x00, 0x00, 0x00, 0x00, 0x00, 0x00, 0x00, 0x00, 0x00, 0x00, 0x00, 0x00, 0x00, 0x00, 0x00,
    0x00, 0x00, 0x00, 0xc0, 0x1f, 0x00, 0x00, 0x00, 0x00, 0x00, 0x00, 0xf8, 0x7f, 0x00, 0x00, 0x00,
    0x00, 0xfe, 0x00, 0xfc, 0xff, 0x01, 0x00, 0x00, 0x80, 0xff, 0x03, 0xfe, 0xff, 0x03, 0x00, 0x00,
    0xc0, 0xff, 0x07, 0x7f, 0xf0, 0x07, 0x00, 0x00, 0xe0, 0xff, 0x8f, 0x1f, 0xc0, 0x0f, 0x00, 0x00,
    0xf0, 0x83, 0x9f, 0x07, 0x80, 0x0f, 0x00, 0x00, 0xf8, 0x00, 0xdf, 0x03, 0x00, 0x1f, 0x00, 0x00,
    0x7c, 0x00, 0xfc, 0x03, 0x00, 0x1e, 0x00, 0x00, 0x3c, 0x00, 0xfc, 0x01, 0x00, 0x1e, 0x00, 0x00,
    0x3c, 0x00, 0xf8, 0x01, 0x00, 0x3e, 0x00, 0x00, 0x1e, 0x00, 0xf8, 0x00, 0x00, 0x3c, 0x00, 0x00,
    0x1e, 0x00, 0xf0, 0x00, 0x00, 0x3c, 0x00, 0x00, 0x1e, 0x00, 0xf0, 0x00, 0x00, 0x3c, 0x00, 0x00,
    0x1e, 0x00, 0xf0, 0x00, 0x00, 0x3c, 0x00, 0x00, 0x1e, 0x00, 0xf0, 0x00, 0x00, 0x3c, 0x00, 0x00,
    0x1e, 0x00, 0xf0, 0x00, 0x00, 0x3c, 0x00, 0x00, 0x1e, 0x00, 0xf0, 0x00, 0x00, 0x3c, 0x00, 0x00,
    0x3c, 0x00, 0xf8, 0x01, 0x00, 0x3e, 0x00, 0x00, 0x3c, 0x00, 0xfc, 0x01, 0x00, 0x1e, 0x00, 0x00,
    0x7c, 0x00, 0xfc, 0x03, 0x00, 0x1e, 0x00, 0x00, 0xf8, 0x00, 0xde, 0x03, 0x00, 0x1f, 0x00, 0x00,
    0xf0, 0x83, 0x9f, 0x07, 0x80, 0x0f, 0x00, 0x00, 0xf0, 0xff, 0x8f, 0x0f, 0xc0, 0x0f, 0x00, 0x00,
    0xc0, 0xff, 0x07, 0x3f, 0xf0, 0x07, 0x00, 0x00, 0x80, 0xff, 0x03, 0xfe, 0xff, 0x03, 0x00, 0x00,
    0x00, 0xfe, 0x00, 0xfc, 0xff, 0x01, 0x00, 0x00, 0x00, 0x00, 0x00, 0xf8, 0x7f, 0x00, 0x00, 0x00,
    0x00, 0x00, 0x00, 0xe0, 0x0f, 0x00, 0x00, 0x00, 0x00, 0x00, 0x00, 0x00, 0x00, 0x00, 0x00, 0x00,
    0x00, 0x00, 0x00, 0x00, 0x00, 0x00, 0x00, 0x00, 0x00, 0x00, 0x00, 0x00, 0x00, 0x00, 0x00, 0x00,
    0x00, 0x00, 0x00, 0x00, 0x00, 0x00, 0x00, 0x00, 0x00, 0xfc, 0x03, 0x00, 0x00, 0x00, 0x00, 0x00,
    0x00, 0xff, 0x0f, 0x00, 0x00, 0x00, 0x00, 0x00, 0xc0, 0xff, 0x3f, 0x00, 0x00, 0x00, 0x00, 0x00,
    0xe0, 0xff, 0x7f, 0x00, 0x00, 0x00, 0x00, 0x00, 0xf0, 0x07, 0xfe, 0x00, 0x00, 0x00, 0x00, 0x00,
    0xf0, 0x01, 0xf8, 0x01, 0x00, 0x00, 0x00, 0x00, 0xf8, 0x00, 0xf0, 0x01, 0x00, 0x18, 0x00, 0x00,
    0x7c, 0x00, 0xe0, 0x03, 0x00, 0x1e, 0x00, 0x00, 0x3c, 0x00, 0xc0, 0x03, 0x00, 0x3f, 0x00, 0x00,
    0x3c, 0x00, 0xc0, 0x07, 0xc0, 0x1f, 0x00, 0x00, 0x1e, 0x00, 0xc0, 0x07, 0xe0, 0x0f, 0x00, 0x00,
    0x1e, 0x00, 0x80, 0x07, 0xf8, 0x03, 0x00, 0x00, 0x1e, 0x00, 0x80, 0x07, 0xfc, 0x01, 0x00, 0x00,
    0x1e, 0x00, 0x80, 0x07, 0x7f, 0x00, 0x00, 0x00, 0x1e, 0x00, 0x80, 0x87, 0x3f, 0x00, 0x00, 0x00,
    0x1e, 0x00, 0x80, 0xe7, 0x0f, 0x00, 0x00, 0x00, 0x1e, 0x00, 0x80, 0xf7, 0x07, 0x00, 0x00, 0x00,
    0x3c, 0x00, 0xc0, 0xfb, 0x01, 0x00, 0x00, 0x00, 0x3c, 0x00, 0xc0, 0xff, 0x00, 0x00, 0x00, 0x00,
    0x7c, 0x00, 0xe0, 0x3f, 0x00, 0x00, 0x00, 0x00, 0xf8, 0x00, 0xf0, 0x1f, 0x00, 0x00, 0x00, 0x00,
    0xf8, 0x01, 0xf8, 0x07, 0x00, 0x00, 0x00, 0x00, 0xf0, 0x07, 0xfe, 0x03, 0x00, 0x00, 0x00, 0x00,
    0xe0, 0xff, 0xff, 0x00, 0x00, 0x00, 0x00, 0x00, 0xc0, 0xff, 0x7f, 0x00, 0x00, 0x00, 0x00, 0x00,
    0x00, 0xff, 0x1f, 0x00, 0x00, 0x00, 0x00, 0x00, 0x00, 0xf8, 0x03, 0x00, 0x00, 0x00, 0x00, 0x00,
    0x00, 0x00, 0x00, 0x00, 0x00, 0x00, 0x00, 0x00, 0x00, 0x00, 0x00, 0x00, 0x00, 0x00, 0x00, 0x00,
    0x00, 0x00, 0x00, 0x00, 0x00, 0x00, 0x00, 0x00, 0x00, 0x00, 0x00, 0x00, 0x00, 0x00, 0x00, 0x00,
    0x00, 0x00, 0x00, 0x00, 0x00, 0x00, 0x00, 0x00, 0x00, 0x00, 0x00, 0x00, 0x00, 0x00, 0x00, 0x00,
    0x00, 0x00, 0x00, 0x00, 0x00, 0x00, 0x00, 0x00, 0x00, 0xc0, 0x01, 0x00, 0x00, 0x0e, 0x00, 0x00,
    0x00, 0xe0, 0x03, 0x00, 0x00, 0x1f, 0x00, 0x00, 0x00, 0xf0, 0x07, 0x00, 0x80, 0x3f, 0x00, 0x00,
    0x00, 0xf0, 0x07, 0x00, 0x80, 0x3f, 0x00, 0x00, 0x00, 0xf0, 0x07, 0x00, 0x80, 0x3f, 0x00, 0x00,
    0x00, 0xe0, 0x03, 0x00, 0x00, 0x1f, 0x00, 0x00, 0x00, 0xc0, 0x01, 0x00, 0x00, 0x0e, 0x00, 0x00,
    0x00, 0x00, 0x00, 0x00, 0x00, 0x00, 0x00, 0x00, 0x00, 0x00, 0x00, 0x00, 0x00, 0x00, 0x00, 0x00,
    0x00, 0x00, 0x00, 0x00, 0x00, 0x00, 0x00, 0x00, 0x00, 0x00, 0x00, 0x00, 0x00, 0x00, 0x00, 0x00,
    0x00, 0x00, 0x00, 0x00, 0x00, 0x10, 0x00, 0x00, 0x00, 0x00, 0x00, 0x00, 0x00, 0x1e, 0x00, 0x00,
    0x00, 0x00, 0x00, 0x00, 0x80, 0x1f, 0x00, 0x00, 0x00, 0x00, 0x00, 0x00, 0xe0, 0x1f, 0x00, 0x00,
    0x00, 0x00, 0x00, 0x00, 0xfc, 0x0f, 0x00, 0x00, 0x00, 0x00, 0x00, 0x00, 0xff, 0x03, 0x00, 0x00,
    0x00, 0x00, 0x00, 0xe0, 0xff, 0x00, 0x00, 0x00, 0x00, 0x00, 0x00, 0xf8, 0x1f, 0x00, 0x00, 0x00,
    0x00, 0x00, 0x00, 0xfe, 0x07, 0x00, 0x00, 0x00, 0x00, 0x00, 0xc0, 0xff, 0x01, 0x00, 0x00, 0x00,
    0x00, 0x00, 0xf0, 0x7f, 0x00, 0x00, 0x00, 0x00, 0x00, 0x00, 0xfe, 0x7f, 0x00, 0x00, 0x00, 0x00,
    0x00, 0x80, 0xff, 0x79, 0x00, 0x00, 0x00, 0x00, 0x00, 0xe0, 0x7f, 0x78, 0x00, 0x00, 0x00, 0x00,
    0x00, 0xfc, 0x1f, 0x78, 0x00, 0x00, 0x00, 0x00, 0x00, 0xff, 0x03, 0x78, 0x00, 0x00, 0x00, 0x00,
    0xc0, 0xff, 0x00, 0x78, 0x00, 0x00, 0x00, 0x00, 0xf8, 0x1f, 0x00, 0x78, 0x00, 0x00, 0x00, 0x00,
    0xfc, 0x07, 0x00, 0x78, 0x00, 0x00, 0x00, 0x00, 0xf8, 0x1f, 0x00, 0x78, 0x00, 0x00, 0x00, 0x00,
    0xc0, 0xff, 0x00, 0x78, 0x00, 0x00, 0x00, 0x00, 0x00, 0xff, 0x03, 0x78, 0x00, 0x00, 0x00, 0x00,
    0x00, 0xfc, 0x0f, 0x78, 0x00, 0x00, 0x00, 0x00, 0x00, 0xe0, 0x7f, 0x78, 0x00, 0x00, 0x00, 0x00,
    0x00, 0x80, 0xff, 0x79, 0x00, 0x00, 0x00, 0x00, 0x00, 0x00, 0xfc, 0x7f, 0x00, 0x00, 0x00, 0x00,
    0x00, 0x00, 0xf0, 0x7f, 0x00, 0x00, 0x00, 0x00, 0x00, 0x00, 0xc0, 0xff, 0x00, 0x00, 0x00, 0x00,
    0x00, 0x00, 0x00, 0xfe, 0x07, 0x00, 0x00, 0x00, 0x00, 0x00, 0x00, 0xf8, 0x1f, 0x00, 0x00, 0x00,
    0x00, 0x00, 0x00, 0xe0, 0xff, 0x00, 0x00, 0x00, 0x00, 0x00, 0x00, 0x00, 0xff, 0x03, 0x00, 0x00,
    0x00, 0x00, 0x00, 0x00, 0xfc, 0x0f, 0x00, 0x00, 0x00, 0x00, 0x00, 0x00, 0xe0, 0x1f, 0x00, 0x00,
    0x00, 0x00, 0x00, 0x00, 0x80, 0x1f, 0x00, 0x00, 0x00, 0x00, 0x00, 0x00, 0x00, 0x1e, 0x00, 0x00,
    0x00, 0x00, 0x00, 0x00, 0x00, 0x10, 0x00, 0x00, 0x00, 0x00, 0x00, 0x00, 0x00, 0x00, 0x00, 0x00,
    0x00, 0x00, 0x00, 0x00, 0x00, 0x00, 0x00, 0x00, 0x00, 0x00, 0x00, 0x00, 0x00, 0x00, 0x00, 0x00,
    0x00, 0x00, 0x00, 0x00, 0x00, 0x00, 0x00, 0x00, 0x00, 0x00, 0x00, 0x00, 0x00, 0x00, 0x00, 0x00,
    0x00, 0x00, 0x00, 0x00, 0x00, 0x00, 0x00, 0x00, 0x00, 0x00, 0x00, 0x00, 0x00, 0x00, 0x00, 0x00,
    0xfc, 0xff, 0xff, 0xff, 0xff, 0x1f, 0x00, 0x00, 0xfc, 0xff, 0xff, 0xff, 0xff, 0x1f, 0x00, 0x00,
    0xfc, 0xff, 0xff, 0xff, 0xff, 0x1f, 0x00, 0x00, 0xfc, 0xff, 0xff, 0xff, 0xff, 0x1f, 0x00, 0x00,
    0x3c, 0x00, 0xf0, 0x00, 0x00, 0x1e, 0x00, 0x00, 0x3c, 0x00, 0xf0, 0x00, 0x00, 0x1e, 0x00, 0x00,
    0x3c, 0x00, 0xf0, 0x00, 0x00, 0x1e, 0x00, 0x00, 0x3c, 0x00, 0xf0, 0x00, 0x00, 0x1e, 0x00, 0x00,
    0x3c, 0x00, 0xf0, 0x00, 0x00, 0x1e, 0x00, 0x00, 0x3c, 0x00, 0xf0, 0x00, 0x00, 0x1e, 0x00, 0x00,
    0x3c, 0x00, 0xf0, 0x00, 0x00, 0x1e, 0x00, 0x00, 0x3c, 0x00, 0xf0, 0x00, 0x00, 0x1e, 0x00, 0x00,
    0x3c, 0x00, 0xf8, 0x00, 0x00, 0x1e, 0x00, 0x00, 0x7c, 0x00, 0xf8, 0x00, 0x00, 0x1e, 0x00, 0x00,
    0x78, 0x00, 0xf8, 0x01, 0x00, 0x1e, 0x00, 0x00, 0x78, 0x00, 0xfc, 0x01, 0x00, 0x1f, 0x00, 0x00,
    0xf8, 0x00, 0xfe, 0x01, 0x00, 0x0f, 0x00, 0x00, 0xf0, 0x83, 0xdf, 0x03, 0x80, 0x0f, 0x00, 0x00,
    0xe0, 0xff, 0xcf, 0x07, 0xc0, 0x07, 0x00, 0x00, 0xc0, 0xff, 0x87, 0x0f, 0xe0, 0x07, 0x00, 0x00,
    0x80, 0xff, 0x83, 0x3f, 0xf8, 0x03, 0x00, 0x00, 0x00, 0xfe, 0x00, 0xff, 0xff, 0x01, 0x00, 0x00,
    0x00, 0x00, 0x00, 0xfe, 0xff, 0x00, 0x00, 0x00, 0x00, 0x00, 0x00, 0xf8, 0x7f, 0x00, 0x00, 0x00,
    0x00, 0x00, 0x00, 0xe0, 0x0f, 0x00, 0x00, 0x00, 0x00, 0x00, 0x00, 0x00, 0x00, 0x00, 0x00, 0x00,
    0x00, 0x00, 0x00, 0x00, 0x00, 0x00, 0x00, 0x00, 0x00, 0x00, 0x00, 0x00, 0x00, 0x00, 0x00, 0x00,
    0x00, 0x00, 0x00, 0x00, 0x00, 0x00, 0x00, 0x00, 0x00, 0x00, 0x00, 0x00, 0x00, 0x00, 0x00, 0x00,
    0x00, 0x00, 0x00, 0x00, 0x00, 0x00, 0x00, 0x00, 0x00, 0x00, 0xfc, 0x1f, 0x00, 0x00, 0x00, 0x00,
    0x00, 0x80, 0xff, 0xff, 0x00, 0x00, 0x00, 0x00, 0x00, 0xe0, 0xff, 0xff, 0x03, 0x00, 0x00, 0x00,
    0x00, 0xf8, 0xff, 0xff, 0x0f, 0x00, 0x00, 0x00, 0x00, 0xfc, 0x07, 0xf0, 0x3f, 0x00, 0x00, 0x00,
    0x00, 0xff, 0x00, 0x80, 0x7f, 0x00, 0x00, 0x00, 0x80, 0x3f, 0x00, 0x00, 0xfe, 0x00, 0x00, 0x00,
    0xc0, 0x0f, 0x00, 0x00, 0xf8, 0x01, 0x00, 0x00, 0xc0, 0x07, 0x00, 0x00, 0xf0, 0x03, 0x00, 0x00,
    0xe0, 0x03, 0x00, 0x00, 0xe0, 0x03, 0x00, 0x00, 0xf0, 0x01, 0x00, 0x00, 0xc0, 0x07, 0x00, 0x00,
    0xf0, 0x01, 0x00, 0x00, 0x80, 0x0f, 0x00, 0x00, 0xf8, 0x00, 0x00, 0x00, 0x80, 0x0f, 0x00, 0x00,
    0x78, 0x00, 0x00, 0x00, 0x00, 0x0f, 0x00, 0x00, 0x7c, 0x00, 0x00, 0x00, 0x00, 0x1f, 0x00, 0x00,
    0x3c, 0x00, 0x00, 0x00, 0x00, 0x1e, 0x00, 0x00, 0x3c, 0x00, 0x00, 0x00, 0x00, 0x1e, 0x00, 0x00,
    0x3c, 0x00, 0x00, 0x00, 0x00, 0x3e, 0x00, 0x00, 0x1e, 0x00, 0x00, 0x00, 0x00, 0x3c, 0x00, 0x00,
    0x1e, 0x00, 0x00, 0x00, 0x00, 0x3c, 0x00, 0x00, 0x1e, 0x00, 0x00, 0x00, 0x00, 0x3c, 0x00, 0x00,
    0x1e, 0x00, 0x00, 0x00, 0x00, 0x3c, 0x00, 0x00, 0x1e, 0x00, 0x00, 0x00, 0x00, 0x3c, 0x00, 0x00,
    0x1e, 0x00, 0x00, 0x00, 0x00, 0x3c, 0x00, 0x00, 0x1e, 0x00, 0x00, 0x00, 0x00, 0x3c, 0x00, 0x00,
    0x1e, 0x00, 0x00, 0x00, 0x00, 0x3c, 0x00, 0x00, 0x1e, 0x00, 0x00, 0x00, 0x00, 0x3c, 0x00, 0x00,
    0x3e, 0x00, 0x00, 0x00, 0x00, 0x3e, 0x00, 0x00, 0x3c, 0x00, 0x00, 0x00, 0x00, 0x1e, 0x00, 0x00,
    0x3c, 0x00, 0x00, 0x00, 0x00, 0x1e, 0x00, 0x00, 0x7c, 0x00, 0x00, 0x00, 0x00, 0x1f, 0x00, 0x00,
    0x7c, 0x00, 0x00, 0x00, 0x00, 0x0f, 0x00, 0x00, 0xf8, 0x00, 0x00, 0x00, 0x80, 0x0f, 0x00, 0x00,
    0xf8, 0x00, 0x00, 0x00, 0x80, 0x0f, 0x00, 0x00, 0xf0, 0x01, 0x00, 0x00, 0xc0, 0x07, 0x00, 0x00,
    0xf0, 0x03, 0x00, 0x00, 0xe0, 0x07, 0x00, 0x00, 0xe0, 0x07, 0x00, 0x00, 0xf0, 0x03, 0x00, 0x00,
    0xc0, 0x0f, 0x00, 0x00, 0xf8, 0x01, 0x00, 0x00, 0x80, 0x07, 0x00, 0x00, 0xf0, 0x00, 0x00, 0x00,
    0x00, 0x07, 0x00, 0x00, 0x70, 0x00, 0x00, 0x00, 0x00, 0x02, 0x00, 0x00, 0x20, 0x00, 0x00, 0x00,
    0x00, 0x00, 0x00, 0x00, 0x00, 0x00, 0x00, 0x00, 0x00, 0x00, 0x00, 0x00, 0x00, 0x00, 0x00, 0x00,
    0x00, 0x00, 0x00, 0x00, 0x00, 0x00, 0x00, 0x00, 0x00, 0x00, 0x00, 0x00, 0x00, 0x00, 0x00, 0x00,
    0x00, 0x00, 0x00, 0x00, 0x00, 0x00, 0x00, 0x00, 0x00, 0x00, 0x00, 0x00, 0x00, 0x00, 0x00, 0x00,
    0x00, 0x00, 0x00, 0x00, 0x00, 0x00, 0x00, 0x00, 0xfc, 0xff, 0xff, 0xff, 0xff, 0x1f, 0x00, 0x00,
    0xfc, 0xff, 0xff, 0xff, 0xff, 0x1f, 0x00, 0x00, 0xfc, 0xff, 0xff, 0xff, 0xff, 0x1f, 0x00, 0x00,
    0xfc, 0xff, 0xff, 0xff, 0xff, 0x1f, 0x00, 0x00, 0x3c, 0x00, 0x00, 0x00, 0x00, 0x1e, 0x00, 0x00,
    0x3c, 0x00, 0x00, 0x00, 0x00, 0x1e, 0x00, 0x00, 0x3c, 0x00, 0x00, 0x00, 0x00, 0x1e, 0x00, 0x00,
    0x3c, 0x00, 0x00, 0x00, 0x00, 0x1e, 0x00, 0x00, 0x3c, 0x00, 0x00, 0x00, 0x00, 0x1e, 0x00, 0x00,
    0x3c, 0x00, 0x00, 0x00, 0x00, 0x1e, 0x00, 0x00, 0x3c, 0x00, 0x00, 0x00, 0x00, 0x1e, 0x00, 0x00,
    0x3c, 0x00, 0x00, 0x00, 0x00, 0x1e, 0x00, 0x00, 0x3c, 0x00, 0x00, 0x00, 0x00, 0x1e, 0x00, 0x00,
    0x3c, 0x00, 0x00, 0x00, 0x00, 0x1e, 0x00, 0x00, 0x3c, 0x00, 0x00, 0x00, 0x00, 0x1e, 0x00, 0x00,
    0x3c, 0x00, 0x00, 0x00, 0x00, 0x1e, 0x00, 0x00, 0x3c, 0x00, 0x00, 0x00, 0x00, 0x1e, 0x00, 0x00,
    0x7c, 0x00, 0x00, 0x00, 0x00, 0x1e, 0x00, 0x00, 0x78, 0x00, 0x00, 0x00, 0x00, 0x1f, 0x00, 0x00,
    0x78, 0x00, 0x00, 0x00, 0x00, 0x1f, 0x00, 0x00, 0x78, 0x00, 0x00, 0x00, 0x00, 0x0f, 0x00, 0x00,
    0xf8, 0x00, 0x00, 0x00, 0x00, 0x0f, 0x00, 0x00, 0xf8, 0x00, 0x00, 0x00, 0x00, 0x0f, 0x00, 0x00,
    0xf0, 0x00, 0x00, 0x00, 0x80, 0x0f, 0x00, 0x00, 0xf0, 0x01, 0x00, 0x00, 0x80, 0x07, 0x00, 0x00,
    0xe0, 0x03, 0x00, 0x00, 0xc0, 0x07, 0x00, 0x00, 0xe0, 0x07, 0x00, 0x00, 0xe0, 0x03, 0x00, 0x00,
    0xc0, 0x0f, 0x00, 0x00, 0xf0, 0x03, 0x00, 0x00, 0x80, 0x1f, 0x00, 0x00, 0xf8, 0x01, 0x00, 0x00,
    0x00, 0x3f, 0x00, 0x00, 0xfc, 0x00, 0x00, 0x00, 0x00, 0xfe, 0x00, 0x00, 0x7f, 0x00, 0x00, 0x00,
    0x00, 0xfc, 0x07, 0xe0, 0x3f, 0x00, 0x00, 0x00, 0x00, 0xf8, 0xff, 0xff, 0x1f, 0x00, 0x00, 0x00,
    0x00, 0xe0, 0xff, 0xff, 0x07, 0x00, 0x00, 0x00, 0x00, 0x80, 0xff, 0xff, 0x01, 0x00, 0x00, 0x00,
    0x00, 0x00, 0xf8, 0x1f, 0x00, 0x00, 0x00, 0x00, 0x00, 0x00, 0x00, 0x00, 0x00, 0x00, 0x00, 0x00,
    0x00, 0x00, 0x00, 0x00, 0x00, 0x00, 0x00, 0x00, 0x00, 0x00, 0x00, 0x00, 0x00, 0x00, 0x00, 0x00,
    0x00, 0x00, 0x00, 0x00, 0x00, 0x00, 0x00, 0x00, 0x00, 0x00, 0x00, 0x00, 0x00, 0x00, 0x00, 0x00,
    0x00, 0x00, 0x00, 0x00, 0x00, 0x00, 0x00, 0x00, 0x00, 0x00, 0x00, 0x00, 0x00, 0x00, 0x00, 0x00,
    0xfc, 0xff, 0xff, 0xff, 0xff, 0x1f, 0x00, 0x00, 0xfc, 0xff, 0xff, 0xff, 0xff, 0x1f, 0x00, 0x00,
    0xfc, 0xff, 0xff, 0xff, 0xff, 0x1f, 0x00, 0x00, 0xfc, 0xff, 0xff, 0xff, 0xff, 0x1f, 0x00, 0x00,
    0x3c, 0x00, 0xf0, 0x00, 0x00, 0x1e, 0x00, 0x00, 0x3c, 0x00, 0xf0, 0x00, 0x00, 0x1e, 0x00, 0x00,
    0x3c, 0x00, 0xf0, 0x00, 0x00, 0x1e, 0x00, 0x00, 0x3c, 0x00, 0xf0, 0x00, 0x00, 0x1e, 0x00, 0x00,
    0x3c, 0x00, 0xf0, 0x00, 0x00, 0x1e, 0x00, 0x00, 0x3c, 0x00, 0xf0, 0x00, 0x00, 0x1e, 0x00, 0x00,
    0x3c, 0x00, 0xf0, 0x00, 0x00, 0x1e, 0x00, 0x00, 0x3c, 0x00, 0xf0, 0x00, 0x00, 0x1e, 0x00, 0x00,
    0x3c, 0x00, 0xf0, 0x00, 0x00, 0x1e, 0x00, 0x00, 0x3c, 0x00, 0xf0, 0x00, 0x00, 0x1e, 0x00, 0x00,
    0x3c, 0x00, 0xf0, 0x00, 0x00, 0x1e, 0x00, 0x00, 0x3c, 0x00, 0xf0, 0x00, 0x00, 0x1e, 0x00, 0x00,
    0x3c, 0x00, 0xf0, 0x00, 0x00, 0x1e, 0x00, 0x00, 0x3c, 0x00, 0xf0, 0x00, 0x00, 0x1e, 0x00, 0x00,
    0x3c, 0x00, 0xf0, 0x00, 0x00, 0x1e, 0x00, 0x00, 0x3c, 0x00, 0xf0, 0x00, 0x00, 0x1e, 0x00, 0x00,
    0x3c, 0x00, 0xf0, 0x00, 0x00, 0x1e, 0x00, 0x00, 0x3c, 0x00, 0xf0, 0x00, 0x00, 0x1e, 0x00, 0x00,
    0x3c, 0x00, 0xf0, 0x00, 0x00, 0x1e, 0x00, 0x00, 0x3c, 0x00, 0xf0, 0x00, 0x00, 0x1e, 0x00, 0x00,
    0x3c, 0x00, 0xf0, 0x00, 0x00, 0x1e, 0x00, 0x00, 0x00, 0x00, 0x00, 0x00, 0x00, 0x00, 0x00, 0x00,
    0x00, 0x00, 0x00, 0x00, 0x00, 0x00, 0x00, 0x00, 0x00, 0x00, 0x00, 0x00, 0x00, 0x00, 0x00, 0x00,
    0x00, 0x00, 0x00, 0x00, 0x00, 0x00, 0x00, 0x00, 0x00, 0x00, 0x00, 0x00, 0x00, 0x00, 0x00, 0x00,
    0x00, 0x00, 0x00, 0x00, 0x00, 0x00, 0x00, 0x00, 0x00, 0x00, 0x00, 0x00, 0x00, 0x00, 0x00, 0x00,
    0xfc, 0xff, 0xff, 0xff, 0xff, 0x1f, 0x00, 0x00, 0xfc, 0xff, 0xff, 0xff, 0xff, 0x1f, 0x00, 0x00,
    0xfc, 0xff, 0xff, 0xff, 0xff, 0x1f, 0x00, 0x00, 0xfc, 0xff, 0xff, 0xff, 0xff, 0x1f, 0x00, 0x00,
    0x3c, 0x00, 0xf0, 0x00, 0x00, 0x00, 0x00, 0x00, 0x3c, 0x00, 0xf0, 0x00, 0x00, 0x00, 0x00, 0x00,
    0x3c, 0x00, 0xf0, 0x00, 0x00, 0x00, 0x00, 0x00, 0x3c, 0x00, 0xf0, 0x00, 0x00, 0x00, 0x00, 0x00,
    0x3c, 0x00, 0xf0, 0x00, 0x00, 0x00, 0x00, 0x00, 0x3c, 0x00, 0xf0, 0x00, 0x00, 0x00, 0x00, 0x00,
    0x3c, 0x00, 0xf0, 0x00, 0x00, 0x00, 0x00, 0x00, 0x3c, 0x00, 0xf0, 0x00, 0x00, 0x00, 0x00, 0x00,
    0x3c, 0x00, 0xf0, 0x00, 0x00, 0x00, 0x00, 0x00, 0x3c, 0x00, 0xf0, 0x00, 0x00, 0x00, 0x00, 0x00,
    0x3c, 0x00, 0xf0, 0x00, 0x00, 0x00, 0x00, 0x00, 0x3c, 0x00, 0xf0, 0x00, 0x00, 0x00, 0x00, 0x00,
    0x3c, 0x00, 0xf0, 0x00, 0x00, 0x00, 0x00, 0x00, 0x3c, 0x00, 0xf0, 0x00, 0x00, 0x00, 0x00, 0x00,
    0x3c, 0x00, 0xf0, 0x00, 0x00, 0x00, 0x00, 0x00, 0x3c, 0x00, 0xf0, 0x00, 0x00, 0x00, 0x00, 0x00,
    0x3c, 0x00, 0xf0, 0x00, 0x00, 0x00, 0x00, 0x00, 0x3c, 0x00, 0xf0, 0x00, 0x00, 0x00, 0x00, 0x00,
    0x00, 0x00, 0x00, 0x00, 0x00, 0x00, 0x00, 0x00, 0x00, 0x00, 0x00, 0x00, 0x00, 0x00, 0x00, 0x00,
    0x00, 0x00, 0x00, 0x00, 0x00, 0x00, 0x00, 0x00, 0x00, 0x00, 0x00, 0x00, 0x00, 0x00, 0x00, 0x00,
    0x00, 0x00, 0x00, 0x00, 0x00, 0x00, 0x00, 0x00, 0x00, 0x00, 0x00, 0x00, 0x00, 0x00, 0x00, 0x00,
    0x00, 0x00, 0xfc, 0x1f, 0x00, 0x00, 0x00, 0x00, 0x00, 0x80, 0xff, 0xff, 0x00, 0x00, 0x00, 0x00,
    0x00, 0xe0, 0xff, 0xff, 0x03, 0x00, 0x00, 0x00, 0x00, 0xf8, 0xff, 0xff, 0x0f, 0x00, 0x00, 0x00,
    0x00, 0xfc, 0x07, 0xf0, 0x1f, 0x00, 0x00, 0x00, 0x00, 0xff, 0x00, 0xc0, 0x3f, 0x00, 0x00, 0x00,
    0x80, 0x3f, 0x00, 0x00, 0x7f, 0x00, 0x00, 0x00, 0xc0, 0x1f, 0x00, 0x00, 0xfc, 0x00, 0x00, 0x00,
    0xc0, 0x07, 0x00, 0x00, 0xf8, 0x01, 0x00, 0x00, 0xe0, 0x03, 0x00, 0x00, 0xf0, 0x03, 0x00, 0x00,
    0xf0, 0x01, 0x00, 0x00, 0xe0, 0x07, 0x00, 0x00, 0xf0, 0x01, 0x00, 0x00, 0xc0, 0x07, 0x00, 0x00,
    0xf8, 0x00, 0x00, 0x00, 0x80, 0x0f, 0x00, 0x00, 0x78, 0x00, 0x00, 0x00, 0x80, 0x0f, 0x00, 0x00,
    0x7c, 0x00, 0x00, 0x00, 0x00, 0x1f, 0x00, 0x00, 0x3c, 0x00, 0x00, 0x00, 0x00, 0x1f, 0x00, 0x00,
    0x3c, 0x00, 0x00, 0x00, 0x00, 0x1e, 0x00, 0x00, 0x3e, 0x00, 0x00, 0x00, 0x00, 0x1e, 0x00, 0x00,
    0x1e, 0x00, 0x00, 0x00, 0x00, 0x3e, 0x00, 0x00, 0x1e, 0x00, 0x00, 0x00, 0x00, 0x3c, 0x00, 0x00,
    0x1e, 0x00, 0x00, 0x00, 0x00, 0x3c, 0x00, 0x00, 0x1e, 0x00, 0x00, 0x00, 0x00, 0x3c, 0x00, 0x00,
    0x1e, 0x00, 0x00, 0x00, 0x00, 0x3c, 0x00, 0x00, 0x1e, 0x00, 0x00, 0x00, 0x00, 0x3c, 0x00, 0x00,
    0x1e, 0x00, 0x00, 0x00, 0x00, 0x3c, 0x00, 0x00, 0x1e, 0x00, 0x00, 0x00, 0x00, 0x3c, 0x00, 0x00,
    0x3e, 0x00, 0x00, 0x0f, 0x00, 0x3c, 0x00, 0x00, 0x3e, 0x00, 0x00, 0x0f, 0x00, 0x3c, 0x00, 0x00,
    0x3c, 0x00, 0x00, 0x0f, 0x00, 0x3e, 0x00, 0x00, 0x7c, 0x00, 0x00, 0x0f, 0x00, 0x1e, 0x00, 0x00,
    0x7c, 0x00, 0x00, 0x0f, 0x00, 0x1e, 0x00, 0x00, 0x78, 0x00, 0x00, 0x0f, 0x00, 0x1f, 0x00, 0x00,
    0xf8, 0x00, 0x00, 0x0f, 0x00, 0x0f, 0x00, 0x00, 0xf8, 0x01, 0x00, 0x0f, 0x80, 0x0f, 0x00, 0x00,
    0xf0, 0x01, 0x00, 0x0f, 0xc0, 0x07, 0x00, 0x00, 0xe0, 0x03, 0x00, 0x0f, 0xe0, 0x03, 0x00, 0x00,
    0xe0, 0x07, 0x00, 0x0f, 0xf0, 0x03, 0x00, 0x00, 0xc0, 0x0f, 0x00, 0x0f, 0xf8, 0x01, 0x00, 0x00,
    0x80, 0x07, 0x00, 0x0f, 0xfe, 0x00, 0x00, 0x00, 0x80, 0x03, 0x00, 0xcf, 0x7f, 0x00, 0x00, 0x00,
    0x00, 0x01, 0x00, 0xff, 0x1f, 0x00, 0x00, 0x00, 0x00, 0x00, 0x00, 0xff, 0x07, 0x00, 0x00, 0x00,
    0x00, 0x00, 0x00, 0xff, 0x01, 0x00, 0x00, 0x00, 0x00, 0x00, 0x00, 0x1f, 0x00, 0x00, 0x00, 0x00,
    0x00, 0x00, 0x00, 0x00, 0x00, 0x00, 0x00, 0x00, 0x00, 0x00, 0x00, 0x00, 0x00, 0x00, 0x00, 0x00,
    0x00, 0x00, 0x00, 0x00, 0x00, 0x00, 0x00, 0x00, 0x00, 0x00, 0x00, 0x00, 0x00, 0x00, 0x00, 0x00,
    0x00, 0x00, 0x00, 0x00, 0x00, 0x00, 0x00, 0x00, 0x00, 0x00, 0x00, 0x00, 0x00, 0x00, 0x00, 0x00,
    0x00, 0x00, 0x00, 0x00, 0x00, 0x00, 0x00, 0x00, 0xfc, 0xff, 0xff, 0xff, 0xff, 0x1f, 0x00, 0x00,
    0xfc, 0xff, 0xff, 0xff, 0xff, 0x1f, 0x00, 0x00, 0xfc, 0xff, 0xff, 0xff, 0xff, 0x1f, 0x00, 0x00,
    0xfc, 0xff, 0xff, 0xff, 0xff, 0x1f, 0x00, 0x00, 0x00, 0x00, 0xf0, 0x00, 0x00, 0x00, 0x00, 0x00,
    0x00, 0x00, 0xf0, 0x00, 0x00, 0x00, 0x00, 0x00, 0x00, 0x00, 0xf0, 0x00, 0x00, 0x00, 0x00, 0x00,
    0x00, 0x00, 0xf0, 0x00, 0x00, 0x00, 0x00, 0x00, 0x00, 0x00, 0xf0, 0x00, 0x00, 0x00, 0x00, 0x00,
    0x00, 0x00, 0xf0, 0x00, 0x00, 0x00, 0x00, 0x00, 0x00, 0x00, 0xf0, 0x00, 0x00, 0x00, 0x00, 0x00,
    0x00, 0x00, 0xf0, 0x00, 0x00, 0x00, 0x00, 0x00, 0x00, 0x00, 0xf0, 0x00, 0x00, 0x00, 0x00, 0x00,
    0x00, 0x00, 0xf0, 0x00, 0x00, 0x00, 0x00, 0x00, 0x00, 0x00, 0xf0, 0x00, 0x00, 0x00, 0x00, 0x00,
    0x00, 0x00, 0xf0, 0x00, 0x00, 0x00, 0x00, 0x00, 0x00, 0x00, 0xf0, 0x00, 0x00, 0x00, 0x00, 0x00,
    0x00, 0x00, 0xf0, 0x00, 0x00, 0x00, 0x00, 0x00, 0x00, 0x00, 0xf0, 0x00, 0x00, 0x00, 0x00, 0x00,
    0x00, 0x00, 0xf0, 0x00, 0x00, 0x00, 0x00, 0x00, 0x00, 0x00, 0xf0, 0x00, 0x00, 0x00, 0x00, 0x00,
    0x00, 0x00, 0xf0, 0x00, 0x00, 0x00, 0x00, 0x00, 0x00, 0x00, 0xf0, 0x00, 0x00, 0x00, 0x00, 0x00,
    0x00, 0x00, 0xf0, 0x00, 0x00, 0x00, 0x00, 0x00, 0x00, 0x00, 0xf0, 0x00, 0x00, 0x00, 0x00, 0x00,
    0x00, 0x00, 0xf0, 0x00, 0x00, 0x00, 0x00, 0x00, 0x00, 0x00, 0xf0, 0x00, 0x00, 0x00, 0x00, 0x00,
    0xfc, 0xff, 0xff, 0xff, 0xff, 0x1f, 0x00, 0x00, 0xfc, 0xff, 0xff, 0xff, 0xff, 0x1f, 0x00, 0x00,
    0xfc, 0xff, 0xff, 0xff, 0xff, 0x1f, 0x00, 0x00, 0xfc, 0xff, 0xff, 0xff, 0xff, 0x1f, 0x00, 0x00,
    0x00, 0x00, 0x00, 0x00, 0x00, 0x00, 0x00, 0x00, 0x00, 0x00, 0x00, 0x00, 0x00, 0x00, 0x00, 0x00,
    0x00, 0x00, 0x00, 0x00, 0x00, 0x00, 0x00, 0x00, 0x00, 0x00, 0x00, 0x00, 0x00, 0x00, 0x00, 0x00,
    0x00, 0x00, 0x00, 0x00, 0x00, 0x00, 0x00, 0x00, 0x00, 0x00, 0x00, 0x00, 0x00, 0x00, 0x00, 0x00,
    0x00, 0x00, 0x00, 0x00, 0x00, 0x00, 0x00, 0x00, 0xfc, 0xff, 0xff, 0xff, 0xff, 0x1f, 0x00, 0x00,
    0xfc, 0xff, 0xff, 0xff, 0xff, 0x1f, 0x00, 0x00, 0xfc, 0xff, 0xff, 0xff, 0xff, 0x1f, 0x00, 0x00,
    0xfc, 0xff, 0xff, 0xff, 0xff, 0x1f, 0x00, 0x00, 0x00, 0x00, 0x00, 0x00, 0x00, 0x00, 0x00, 0x00,
    0x00, 0x00, 0x00, 0x00, 0x00, 0x00, 0x00, 0x00, 0x00, 0x00, 0x00, 0x00, 0x00, 0x00, 0x00, 0x00,
    0x00, 0x00, 0x00, 0x00, 0x00, 0x00, 0x00, 0x00, 0x00, 0x00, 0x00, 0x00, 0x00, 0x00, 0x00, 0x00,
    0x00, 0x00, 0x00, 0x00, 0x00, 0x01, 0x00, 0x00, 0x00, 0x00, 0x00, 0x00, 0x80, 0x03, 0x00, 0x00,
    0x00, 0x00, 0x00, 0x00, 0xc0, 0x07, 0x00, 0x00, 0x00, 0x00, 0x00, 0x00, 0x80, 0x0f, 0x00, 0x00,
    0x00, 0x00, 0x00, 0x00, 0x80, 0x0f, 0x00, 0x00, 0x00, 0x00, 0x00, 0x00, 0x00, 0x1f, 0x00, 0x00,
    0x00, 0x00, 0x00, 0x00, 0x00, 0x1e, 0x00, 0x00, 0x00, 0x00, 0x00, 0x00, 0x00, 0x3e, 0x00, 0x00,
    0x00, 0x00, 0x00, 0x00, 0x00, 0x3c, 0x00, 0x00, 0x00, 0x00, 0x00, 0x00, 0x00, 0x3c, 0x00, 0x00,
    0x00, 0x00, 0x00, 0x00, 0x00, 0x3c, 0x00, 0x00, 0x00, 0x00, 0x00, 0x00, 0x00, 0x3c, 0x00, 0x00,
    0x00, 0x00, 0x00, 0x00, 0x00, 0x3c, 0x00, 0x00, 0x00, 0x00, 0x00, 0x00, 0x00, 0x3e, 0x00, 0x00,
    0x00, 0x00, 0x00, 0x00, 0x00, 0x1e, 0x00, 0x00, 0x00, 0x00, 0x00, 0x00, 0x00, 0x1f, 0x00, 0x00,
    0x00, 0x00, 0x00, 0x00, 0xe0, 0x0f, 0x00, 0x00, 0xfc, 0xff, 0xff, 0xff, 0xff, 0x0f, 0x00, 0x00,
    0xfc, 0xff, 0xff, 0xff, 0xff, 0x07, 0x00, 0x00, 0xfc, 0xff, 0xff, 0xff, 0xff, 0x01, 0x00, 0x00,
    0xfc, 0xff, 0xff, 0xff, 0x3f, 0x00, 0x00, 0x00, 0x00, 0x00, 0x00, 0x00, 0x00, 0x00, 0x00, 0x00,
    0x00, 0x00, 0x00, 0x00, 0x00, 0x00, 0x00, 0x00, 0x00, 0x00, 0x00, 0x00, 0x00, 0x00, 0x00, 0x00,
    0x00, 0x00, 0x00, 0x00, 0x00, 0x00, 0x00, 0x00, 0x00, 0x00, 0x00, 0x00, 0x00, 0x00, 0x00, 0x00,
    0x00, 0x00, 0x00, 0x00, 0x00, 0x00, 0x00, 0x00, 0x00, 0x00, 0x00, 0x00, 0x00, 0x00, 0x00, 0x00,
    0xfc, 0xff, 0xff, 0xff, 0xff, 0x1f, 0x00, 0x00, 0xfc, 0xff, 0xff, 0xff, 0xff, 0x1f, 0x00, 0x00,
    0xfc, 0xff, 0xff, 0xff, 0xff, 0x1f, 0x00, 0x00, 0xfc, 0xff, 0xff, 0xff, 0xff, 0x1f, 0x00, 0x00,
    0x00, 0x00, 0xfc, 0x00, 0x00, 0x00, 0x00, 0x00, 0x00, 0x00, 0xfe, 0x03, 0x00, 0x00, 0x00, 0x00,
    0x00, 0x00, 0xff, 0x07, 0x00, 0x00, 0x00, 0x00, 0x00, 0x80, 0xcf, 0x0f, 0x00, 0x00, 0x00, 0x00,
    0x00, 0xc0, 0x87, 0x1f, 0x00, 0x00, 0x00, 0x00, 0x00, 0xe0, 0x03, 0x3f, 0x00, 0x00, 0x00, 0x00,
    0x00, 0xf0, 0x01, 0x7e, 0x00, 0x00, 0x00, 0x00, 0x00, 0xf8, 0x00, 0xfc, 0x00, 0x00, 0x00, 0x00,
    0x00, 0x7c, 0x00, 0xf8, 0x01, 0x00, 0x00, 0x00, 0x00, 0x7c, 0x00, 0xf0, 0x03, 0x00, 0x00, 0x00,
    0x00, 0x3e, 0x00, 0xe0, 0x07, 0x00, 0x00, 0x00, 0x00, 0x1f, 0x00, 0xc0, 0x0f, 0x00, 0x00, 0x00,
    0x80, 0x0f, 0x00, 0x00, 0x1f, 0x00, 0x00, 0x00, 0xc0, 0x07, 0x00, 0x00, 0x3e, 0x00, 0x00, 0x00,
    0xe0, 0x03, 0x00, 0x00, 0x7c, 0x00, 0x00, 0x00, 0xf0, 0x01, 0x00, 0x00, 0xf8, 0x00, 0x00, 0x00,
    0xf8, 0x00, 0x00, 0x00, 0xf0, 0x01, 0x00, 0x00, 0x7c, 0x00, 0x00, 0x00, 0xe0, 0x03, 0x00, 0x00,
    0x3c, 0x00, 0x00, 0x00, 0xc0, 0x07, 0x00, 0x00, 0x3c, 0x00, 0x00, 0x00, 0x80, 0x0f, 0x00, 0x00,
    0x1c, 0x00, 0x00, 0x00, 0x00, 0x1f, 0x00, 0x00, 0x0c, 0x00, 0x00, 0x00, 0x00, 0x1e, 0x00, 0x00,
    0x04, 0x00, 0x00, 0x00, 0x00, 0x1c, 0x00, 0x00, 0x00, 0x00, 0x00, 0x00, 0x00, 0x18, 0x00, 0x00,
    0x00, 0x00, 0x00, 0x00, 0x00, 0x10, 0x00, 0x00, 0x00, 0x00, 0x00, 0x00, 0x00, 0x00, 0x00, 0x00,
    0x00, 0x00, 0x00, 0x00, 0x00, 0x00, 0x00, 0x00, 0x00, 0x00, 0x00, 0x00, 0x00, 0x00, 0x00, 0x00,
    0x00, 0x00, 0x00, 0x00, 0x00, 0x00, 0x00, 0x00, 0x00, 0x00, 0x00, 0x00, 0x00, 0x00, 0x00, 0x00,
    0x00, 0x00, 0x00, 0x00, 0x00, 0x00, 0x00, 0x00, 0x00, 0x00, 0x00, 0x00, 0x00, 0x00, 0x00, 0x00,
    0xfc, 0xff, 0xff, 0xff, 0xff, 0x1f, 0x00, 0x00, 0xfc, 0xff, 0xff, 0xff, 0xff, 0x1f, 0x00, 0x00,
    0xfc, 0xff, 0xff, 0xff, 0xff, 0x1f, 0x00, 0x00, 0xfc, 0xff, 0xff, 0xff, 0xff, 0x1f, 0x00, 0x00,
    0x00, 0x00, 0x00, 0x00, 0x00, 0x1e, 0x00, 0x00, 0x00, 0x00, 0x00, 0x00, 0x00, 0x1e, 0x00, 0x00,
    0x00, 0x00, 0x00, 0x00, 0x00, 0x1e, 0x00, 0x00, 0x00, 0x00, 0x00, 0x00, 0x00, 0x1e, 0x00, 0x00,
    0x00, 0x00, 0x00, 0x00, 0x00, 0x1e, 0x00, 0x00, 0x00, 0x00, 0x00, 0x00, 0x00, 0x1e, 0x00, 0x00,
    0x00, 0x00, 0x00, 0x00, 0x00, 0x1e, 0x00, 0x00, 0x00, 0x00, 0x00, 0x00, 0x00, 0x1e, 0x00, 0x00,
    0x00, 0x00, 0x00, 0x00, 0x00, 0x1e, 0x00, 0x00, 0x00, 0x00, 0x00, 0x00, 0x00, 0x1e, 0x00, 0x00,
    0x00, 0x00, 0x00, 0x00, 0x00, 0x1e, 0x00, 0x00, 0x00, 0x00, 0x00, 0x00, 0x00, 0x1e, 0x00, 0x00,
    0x00, 0x00, 0x00, 0x00, 0x00, 0x1e, 0x00, 0x00, 0x00, 0x00, 0x00, 0x00, 0x00, 0x1e, 0x00, 0x00,
    0x00, 0x00, 0x00, 0x00, 0x00, 0x1e, 0x00, 0x00, 0x00, 0x00, 0x00, 0x00, 0x00, 0x1e, 0x00, 0x00,
    0x00, 0x00, 0x00, 0x00, 0x00, 0x1e, 0x00, 0x00, 0x00, 0x00, 0x00, 0x00, 0x00, 0x00, 0x00, 0x00,
    0x00, 0x00, 0x00, 0x00, 0x00, 0x00, 0x00, 0x00, 0x00, 0x00, 0x00, 0x00, 0x00, 0x00, 0x00, 0x00,
    0x00, 0x00, 0x00, 0x00, 0x00, 0x00, 0x00, 0x00, 0x00, 0x00, 0x00, 0x00, 0x00, 0x00, 0x00, 0x00,
    0x00, 0x00, 0x00, 0x00, 0x00, 0x00, 0x00, 0x00, 0x00, 0x00, 0x00, 0x00, 0x00, 0x1e, 0x00, 0x00,
    0x00, 0x00, 0x00, 0x00, 0xfc, 0x1f, 0x00, 0x00, 0x00, 0x00, 0x00, 0xf8, 0xff, 0x1f, 0x00, 0x00,
    0x00, 0x00, 0xf0, 0xff, 0xff, 0x1f, 0x00, 0x00, 0x00, 0xe0, 0xff, 0xff, 0xff, 0x03, 0x00, 0x00,
    0xc0, 0xff, 0xff, 0xff, 0x07, 0x00, 0x00, 0x00, 0xfc, 0xff, 0xff, 0x0f, 0x00, 0x00, 0x00, 0x00,
    0xf8, 0xff, 0x1f, 0x00, 0x00, 0x00, 0x00, 0x00, 0xe0, 0x3f, 0x00, 0x00, 0x00, 0x00, 0x00, 0x00,
    0x80, 0xff, 0x00, 0x00, 0x00, 0x00, 0x00, 0x00, 0x00, 0xfe, 0x03, 0x00, 0x00, 0x00, 0x00, 0x00,
    0x00, 0xf8, 0x0f, 0x00, 0x00, 0x00, 0x00, 0x00, 0x00, 0xe0, 0x3f, 0x00, 0x00, 0x00, 0x00, 0x00,
    0x00, 0x80, 0xff, 0x00, 0x00, 0x00, 0x00, 0x00, 0x00, 0x00, 0xfe, 0x03, 0x00, 0x00, 0x00, 0x00,
    0x00, 0x00, 0xf8, 0x0f, 0x00, 0x00, 0x00, 0x00, 0x00, 0x00, 0xe0, 0x3f, 0x00, 0x00, 0x00, 0x00,
    0x00, 0x00, 0x80, 0xff, 0x00, 0x00, 0x00, 0x00, 0x00, 0x00, 0x00, 0xfe, 0x03, 0x00, 0x00, 0x00,
    0x00, 0x00, 0x00, 0xf8, 0x0f, 0x00, 0x00, 0x00, 0x00, 0x00, 0x00, 0xe0, 0x3f, 0x00, 0x00, 0x00,
    0x00, 0x00, 0x00, 0x80, 0xff, 0x00, 0x00, 0x00, 0x00, 0x00, 0x00, 0x00, 0xfe, 0x03, 0x00, 0x00,
    0x00, 0x00, 0x00, 0x00, 0xf8, 0x0f, 0x00, 0x00, 0x00, 0x00, 0x00, 0x00, 0xe0, 0x1f, 0x00, 0x00,
    0x00, 0x00, 0x00, 0x00, 0xf8, 0x0f, 0x00, 0x00, 0x00, 0x00, 0x00, 0x00, 0xfe, 0x03, 0x00, 0x00,
    0x00, 0x00, 0x00, 0x80, 0xff, 0x00, 0x00, 0x00, 0x00, 0x00, 0x00, 0xe0, 0x3f, 0x00, 0x00, 0x00,
    0x00, 0x00, 0x00, 0xf8, 0x0f, 0x00, 0x00, 0x00, 0x00, 0x00, 0x00, 0xfe, 0x03, 0x00, 0x00, 0x00,
    0x00, 0x00, 0x80, 0xff, 0x00, 0x00, 0x00, 0x00, 0x00, 0x00, 0xe0, 0x3f, 0x00, 0x00, 0x00, 0x00,
    0x00, 0x00, 0xf8, 0x0f, 0x00, 0x00, 0x00, 0x00, 0x00, 0x00, 0xfe, 0x03, 0x00, 0x00, 0x00, 0x00,
    0x00, 0x80, 0xff, 0x00, 0x00, 0x00, 0x00, 0x00, 0x00, 0xe0, 0x3f, 0x00, 0x00, 0x00, 0x00, 0x00,
    0x00, 0xf8, 0x0f, 0x00, 0x00, 0x00, 0x00, 0x00, 0x00, 0xfe, 0x03, 0x00, 0x00, 0x00, 0x00, 0x00,
    0x80, 0xff, 0x00, 0x00, 0x00, 0x00, 0x00, 0x00, 0xe0, 0x3f, 0x00, 0x00, 0x00, 0x00, 0x00, 0x00,
    0xf8, 0xff, 0x1f, 0x00, 0x00, 0x00, 0x00, 0x00, 0xfc, 0xff, 0xff, 0x0f, 0x00, 0x00, 0x00, 0x00,
    0xc0, 0xff, 0xff, 0xff, 0x07, 0x00, 0x00, 0x00, 0x00, 0xe0, 0xff, 0xff, 0xff, 0x03, 0x00, 0x00,
    0x00, 0x00, 0xf0, 0xff, 0xff, 0x1f, 0x00, 0x00, 0x00, 0x00, 0x00, 0xf8, 0xff, 0x1f, 0x00, 0x00,
    0x00, 0x00, 0x00, 0x00, 0xfc, 0x1f, 0x00, 0x00, 0x00, 0x00, 0x00, 0x00, 0x00, 0x1e, 0x00, 0x00,
    0x00, 0x00, 0x00, 0x00, 0x00, 0x00, 0x00, 0x00, 0x00, 0x00, 0x00, 0x00, 0x00, 0x00, 0x00, 0x00,
    0x00, 0x00, 0x00, 0x00, 0x00, 0x00, 0x00, 0x00, 0x00, 0x00, 0x00, 0x00, 0x00, 0x00, 0x00, 0x00,
    0x00, 0x00, 0x00, 0x00, 0x00, 0x00, 0x00, 0x00, 0x00, 0x00, 0x00, 0x00, 0x00, 0x00, 0x00, 0x00,
    0x00, 0x00, 0x00, 0x00, 0x00, 0x00, 0x00, 0x00, 0xfc, 0xff, 0xff, 0xff, 0xff, 0x1f, 0x00, 0x00,
    0xf8, 0xff, 0xff, 0xff, 0xff, 0x1f, 0x00, 0x00, 0xf0, 0xff, 0xff, 0xff, 0xff, 0x1f, 0x00, 0x00,
    0xe0, 0xff, 0xff, 0xff, 0xff, 0x1f, 0x00, 0x00, 0xc0, 0x0f, 0x00, 0x00, 0x00, 0x00, 0x00, 0x00,
    0x80, 0x1f, 0x00, 0x00, 0x00, 0x00, 0x00, 0x00, 0x00, 0x3e, 0x00, 0x00, 0x00, 0x00, 0x00, 0x00,
    0x00, 0x7c, 0x00, 0x00, 0x00, 0x00, 0x00, 0x00, 0x00, 0xf8, 0x00, 0x00, 0x00, 0x00, 0x00, 0x00,
    0x00, 0xf0, 0x03, 0x00, 0x00, 0x00, 0x00, 0x00, 0x00, 0xe0, 0x07, 0x00, 0x00, 0x00, 0x00, 0x00,
    0x00, 0xc0, 0x0f, 0x00, 0x00, 0x00, 0x00, 0x00, 0x00, 0x00, 0x1f, 0x00, 0x00, 0x00, 0x00, 0x00,
    0x00, 0x00, 0x3e, 0x00, 0x00, 0x00, 0x00, 0x00, 0x00, 0x00, 0x7c, 0x00, 0x00, 0x00, 0x00, 0x00,
    0x00, 0x00, 0xf8, 0x01, 0x00, 0x00, 0x00, 0x00, 0x00, 0x00, 0xf0, 0x03, 0x00, 0x00, 0x00, 0x00,
    0x00, 0x00, 0xe0, 0x07, 0x00, 0x00, 0x00, 0x00, 0x00, 0x00, 0x80, 0x0f, 0x00, 0x00, 0x00, 0x00,
    0x00, 0x00, 0x00, 0x1f, 0x00, 0x00, 0x00, 0x00, 0x00, 0x00, 0x00, 0x3e, 0x00, 0x00, 0x00, 0x00,
    0x00, 0x00, 0x00, 0xfc, 0x00, 0x00, 0x00, 0x00, 0x00, 0x00, 0x00, 0xf8, 0x01, 0x00, 0x00, 0x00,
    0x00, 0x00, 0x00, 0xf0, 0x03, 0x00, 0x00, 0x00, 0x00, 0x00, 0x00, 0xe0, 0x07, 0x00, 0x00, 0x00,
    0x00, 0x00, 0x00, 0x80, 0x0f, 0x00, 0x00, 0x00, 0x00, 0x00, 0x00, 0x00, 0x1f, 0x00, 0x00, 0x00,
    0x00, 0x00, 0x00, 0x00, 0x7e, 0x00, 0x00, 0x00, 0x00, 0x00, 0x00, 0x00, 0xfc, 0x00, 0x00, 0x00,
    0x00, 0x00, 0x00, 0x00, 0xf8, 0x01, 0x00, 0x00, 0xfc, 0xff, 0xff, 0xff, 0xff, 0x03, 0x00, 0x00,
    0xfc, 0xff, 0xff, 0xff, 0xff, 0x07, 0x00, 0x00, 0xfc, 0xff, 0xff, 0xff, 0xff, 0x0f, 0x00, 0x00,
    0xfc, 0xff, 0xff, 0xff, 0xff, 0x1f, 0x00, 0x00, 0x00, 0x00, 0x00, 0x00, 0x00, 0x00, 0x00, 0x00,
    0x00, 0x00, 0x00, 0x00, 0x00, 0x00, 0x00, 0x00, 0x00, 0x00, 0x00, 0x00, 0x00, 0x00, 0x00, 0x00,
    0x00, 0x00, 0x00, 0x00, 0x00, 0x00, 0x00, 0x00, 0x00, 0x00, 0x00, 0x00, 0x00, 0x00, 0x00, 0x00,
    0x00, 0x00, 0x00, 0x00, 0x00, 0x00, 0x00, 0x00, 0x00, 0x00, 0xf8, 0x1f, 0x00, 0x00, 0x00, 0x00,
    0x00, 0x80, 0xff, 0xff, 0x00, 0x00, 0x00, 0x00, 0x00, 0xe0, 0xff, 0xff, 0x03, 0x00, 0x00, 0x00,
    0x00, 0xf8, 0xff, 0xff, 0x0f, 0x00, 0x00, 0x00, 0x00, 0xfc, 0x07, 0xf0, 0x1f, 0x00, 0x00, 0x00,
    0x00, 0xff, 0x00, 0x80, 0x7f, 0x00, 0x00, 0x00, 0x80, 0x3f, 0x00, 0x00, 0xfe, 0x00, 0x00, 0x00,
    0xc0, 0x1f, 0x00, 0x00, 0xf8, 0x01, 0x00, 0x00, 0xc0, 0x07, 0x00, 0x00, 0xf0, 0x01, 0x00, 0x00,
    0xe0, 0x03, 0x00, 0x00, 0xe0, 0x03, 0x00, 0x00, 0xf0, 0x01, 0x00, 0x00, 0xc0, 0x07, 0x00, 0x00,
    0xf0, 0x00, 0x00, 0x00, 0x80, 0x07, 0x00, 0x00, 0xf8, 0x00, 0x00, 0x00, 0x80, 0x0f, 0x00, 0x00,
    0x78, 0x00, 0x00, 0x00, 0x00, 0x0f, 0x00, 0x00, 0x7c, 0x00, 0x00, 0x00, 0x00, 0x1f, 0x00, 0x00,
    0x3c, 0x00, 0x00, 0x00, 0x00, 0x1e, 0x00, 0x00, 0x3c, 0x00, 0x00, 0x00, 0x00, 0x1e, 0x00, 0x00,
    0x3e, 0x00, 0x00, 0x00, 0x00, 0x3e, 0x00, 0x00, 0x1e, 0x00, 0x00, 0x00, 0x00, 0x3c, 0x00, 0x00,
    0x1e, 0x00, 0x00, 0x00, 0x00, 0x3c, 0x00, 0x00, 0x1e, 0x00, 0x00, 0x00, 0x00, 0x3c, 0x00, 0x00,
    0x1e, 0x00, 0x00, 0x00, 0x00, 0x3c, 0x00, 0x00, 0x1e, 0x00, 0x00, 0x00, 0x00, 0x3c, 0x00, 0x00,
    0x1e, 0x00, 0x00, 0x00, 0x00, 0x3c, 0x00, 0x00, 0x1e, 0x00, 0x00, 0x00, 0x00, 0x3c, 0x00, 0x00,
    0x1e, 0x00, 0x00, 0x00, 0x00, 0x3c, 0x00, 0x00, 0x3e, 0x00, 0x00, 0x00, 0x00, 0x3e, 0x00, 0x00,
    0x3c, 0x00, 0x00, 0x00, 0x00, 0x1e, 0x00, 0x00, 0x3c, 0x00, 0x00, 0x00, 0x00, 0x1e, 0x00, 0x00,
    0x7c, 0x00, 0x00, 0x00, 0x00, 0x1f, 0x00, 0x00, 0x78, 0x00, 0x00, 0x00, 0x00, 0x0f, 0x00, 0x00,
    0xf8, 0x00, 0x00, 0x00, 0x80, 0x0f, 0x00, 0x00, 0xf0, 0x01, 0x00, 0x00, 0x80, 0x07, 0x00, 0x00,
    0xf0, 0x01, 0x00, 0x00, 0xc0, 0x07, 0x00, 0x00, 0xe0, 0x03, 0x00, 0x00, 0xe0, 0x03, 0x00, 0x00,
    0xc0, 0x07, 0x00, 0x00, 0xf0, 0x01, 0x00, 0x00, 0xc0, 0x0f, 0x00, 0x00, 0xf8, 0x01, 0x00, 0x00,
    0x80, 0x3f, 0x00, 0x00, 0xfe, 0x00, 0x00, 0x00, 0x00, 0xff, 0x00, 0x80, 0x3f, 0x00, 0x00, 0x00,
    0x00, 0xfc, 0x07, 0xf0, 0x1f, 0x00, 0x00, 0x00, 0x00, 0xf8, 0xff, 0xff, 0x0f, 0x00, 0x00, 0x00,
    0x00, 0xe0, 0xff, 0xff, 0x03, 0x00, 0x00, 0x00, 0x00, 0x80, 0xff, 0xff, 0x00, 0x00, 0x00, 0x00,
    0x00, 0x00, 0xfc, 0x0f, 0x00, 0x00, 0x00, 0x00, 0x00, 0x00, 0x00, 0x00, 0x00, 0x00, 0x00, 0x00,
    0x00, 0x00, 0x00, 0x00, 0x00, 0x00, 0x00, 0x00, 0x00, 0x00, 0x00, 0x00, 0x00, 0x00, 0x00, 0x00,
    0x00, 0x00, 0x00, 0x00, 0x00, 0x00, 0x00, 0x00, 0x00, 0x00, 0x00, 0x00, 0x00, 0x00, 0x00, 0x00,
    0x00, 0x00, 0x00, 0x00, 0x00, 0x00, 0x00, 0x00, 0x00, 0x00, 0x00, 0x00, 0x00, 0x00, 0x00, 0x00,
    0xfc, 0xff, 0xff, 0xff, 0xff, 0x1f, 0x00, 0x00, 0xfc, 0xff, 0xff, 0xff, 0xff, 0x1f, 0x00, 0x00,
    0xfc, 0xff, 0xff, 0xff, 0xff, 0x1f, 0x00, 0x00, 0xfc, 0xff, 0xff, 0xff, 0xff, 0x1f, 0x00, 0x00,
    0x3c, 0x00, 0xe0, 0x01, 0x00, 0x00, 0x00, 0x00, 0x3c, 0x00, 0xe0, 0x01, 0x00, 0x00, 0x00, 0x00,
    0x3c, 0x00, 0xe0, 0x01, 0x00, 0x00, 0x00, 0x00, 0x3c, 0x00, 0xe0, 0x01, 0x00, 0x00, 0x00, 0x00,
    0x3c, 0x00, 0xe0, 0x01, 0x00, 0x00, 0x00, 0x00, 0x3c, 0x00, 0xe0, 0x01, 0x00, 0x00, 0x00, 0x00,
    0x3c, 0x00, 0xe0, 0x01, 0x00, 0x00, 0x00, 0x00, 0x3c, 0x00, 0xe0, 0x01, 0x00, 0x00, 0x00, 0x00,
    0x3c, 0x00, 0xe0, 0x01, 0x00, 0x00, 0x00, 0x00, 0x3c, 0x00, 0xe0, 0x01, 0x00, 0x00, 0x00, 0x00,
    0x3c, 0x00, 0xe0, 0x01, 0x00, 0x00, 0x00, 0x00, 0x3c, 0x00, 0xe0, 0x01, 0x00, 0x00, 0x00, 0x00,
    0x3c, 0x00, 0xe0, 0x01, 0x00, 0x00, 0x00, 0x00, 0x38, 0x00, 0xe0, 0x00, 0x00, 0x00, 0x00, 0x00,
    0x78, 0x00, 0xf0, 0x00, 0x00, 0x00, 0x00, 0x00, 0x78, 0x00, 0xf0, 0x00, 0x00, 0x00, 0x00, 0x00,
    0xf8, 0x00, 0xf8, 0x00, 0x00, 0x00, 0x00, 0x00, 0xf0, 0x01, 0x7c, 0x00, 0x00, 0x00, 0x00, 0x00,
    0xf0, 0x07, 0x3f, 0x00, 0x00, 0x00, 0x00, 0x00, 0xe0, 0xff, 0x3f, 0x00, 0x00, 0x00, 0x00, 0x00,
    0xc0, 0xff, 0x1f, 0x00, 0x00, 0x00, 0x00, 0x00, 0x00, 0xff, 0x07, 0x00, 0x00, 0x00, 0x00, 0x00,
    0x00, 0xfc, 0x01, 0x00, 0x00, 0x00, 0x00, 0x00, 0x00, 0x00, 0x00, 0x00, 0x00, 0x00, 0x00, 0x00,
    0x00, 0x00, 0x00, 0x00, 0x00, 0x00, 0x00, 0x00, 0x00, 0x00, 0x00, 0x00, 0x00, 0x00, 0x00, 0x00,
    0x00, 0x00, 0x00, 0x00, 0x00, 0x00, 0x00, 0x00, 0x00, 0x00, 0x00, 0x00, 0x00, 0x00, 0x00, 0x00,
    0x00, 0x00, 0x00, 0x00, 0x00, 0x00, 0x00, 0x00, 0x00, 0x00, 0xf8, 0x1f, 0x00, 0x00, 0x00, 0x00,
    0x00, 0x80, 0xff, 0xff, 0x00, 0x00, 0x00, 0x00, 0x00, 0xe0, 0xff, 0xff, 0x03, 0x00, 0x00, 0x00,
    0x00, 0xf8, 0xff, 0xff, 0x0f, 0x00, 0x00, 0x00, 0x00, 0xfc, 0x07, 0xf0, 0x1f, 0x00, 0x00, 0x00,
    0x00, 0xff, 0x00, 0x80, 0x7f, 0x00, 0x00, 0x00, 0x80, 0x3f, 0x00, 0x00, 0xfe, 0x00, 0x00, 0x00,
    0xc0, 0x0f, 0x00, 0x00, 0xf8, 0x01, 0x00, 0x00, 0xc0, 0x07, 0x00, 0x00, 0xf0, 0x03, 0x00, 0x00,
    0xe0, 0x03, 0x00, 0x00, 0xe0, 0x03, 0x00, 0x00, 0xf0, 0x01, 0x00, 0x00, 0xc0, 0x07, 0x00, 0x00,
    0xf0, 0x00, 0x00, 0x00, 0x80, 0x0f, 0x00, 0x00, 0xf8, 0x00, 0x00, 0x00, 0x80, 0x0f, 0x00, 0x00,
    0x78, 0x00, 0x00, 0x00, 0x00, 0x0f, 0x00, 0x00, 0x7c, 0x00, 0x00, 0x00, 0x00, 0x1f, 0x00, 0x00,
    0x3c, 0x00, 0x00, 0x00, 0x00, 0x1e, 0x00, 0x00, 0x3c, 0x00, 0x00, 0x00, 0x00, 0x1e, 0x00, 0x00,
    0x3e, 0x00, 0x00, 0x00, 0x00, 0x3e, 0x00, 0x00, 0x1e, 0x00, 0x00, 0x00, 0x00, 0x3c, 0x00, 0x00,
    0x1e, 0x00, 0x00, 0x00, 0x00, 0x3c, 0x00, 0x00, 0x1e, 0x00, 0x00, 0x00, 0x00, 0x3c, 0x00, 0x00,
    0x1e, 0x00, 0x00, 0x00, 0x00, 0x3c, 0x00, 0x00, 0x1e, 0x00, 0x00, 0x00, 0x00, 0x3c, 0x00, 0x00,
    0x1e, 0x00, 0x00, 0x18, 0x00, 0x3c, 0x00, 0x00, 0x1e, 0x00, 0x00, 0x38, 0x00, 0x3c, 0x00, 0x00,
    0x1e, 0x00, 0x00, 0x78, 0x00, 0x3c, 0x00, 0x00, 0x3e, 0x00, 0x00, 0xf8, 0x01, 0x1e, 0x00, 0x00,
    0x3c, 0x00, 0x00, 0xf0, 0x03, 0x1e, 0x00, 0x00, 0x3c, 0x00, 0x00, 0xe0, 0x07, 0x1e, 0x00, 0x00,
    0x7c, 0x00, 0x00, 0xc0, 0x1f, 0x0f, 0x00, 0x00, 0x78, 0x00, 0x00, 0x00, 0x3f, 0x0f, 0x00, 0x00,
    0xf8, 0x00, 0x00, 0x00, 0xfe, 0x0f, 0x00, 0x00, 0xf0, 0x01, 0x00, 0x00, 0xfc, 0x07, 0x00, 0x00,
    0xf0, 0x01, 0x00, 0x00, 0xf0, 0x07, 0x00, 0x00, 0xe0, 0x03, 0x00, 0x00, 0xe0, 0x07, 0x00, 0x00,
    0xc0, 0x07, 0x00, 0x00, 0xf0, 0x0f, 0x00, 0x00, 0xc0, 0x0f, 0x00, 0x00, 0xf8, 0x3f, 0x00, 0x00,
    0x80, 0x3f, 0x00, 0x00, 0x7e, 0x7e, 0x00, 0x00, 0x00, 0xff, 0x00, 0x80, 0x3f, 0xfc, 0x00, 0x00,
    0x00, 0xfc, 0x07, 0xf0, 0x1f, 0xf8, 0x00, 0x00, 0x00, 0xf8, 0xff, 0xff, 0x0f, 0xe0, 0x00, 0x00,
    0x00, 0xe0, 0xff, 0xff, 0x03, 0xc0, 0x00, 0x00, 0x00, 0x80, 0xff, 0xff, 0x00, 0x80, 0x00, 0x00,
    0x00, 0x00, 0xfc, 0x0f, 0x00, 0x00, 0x00, 0x00, 0x00, 0x00, 0x00, 0x00, 0x00, 0x00, 0x00, 0x00,
    0x00, 0x00, 0x00, 0x00, 0x00, 0x00, 0x00, 0x00, 0x00, 0x00, 0x00, 0x00, 0x00, 0x00, 0x00, 0x00,
    0x00, 0x00, 0x00, 0x00, 0x00, 0x00, 0x00, 0x00, 0x00, 0x00, 0x00, 0x00, 0x00, 0x00, 0x00, 0x00,
    0x00, 0x00, 0x00, 0x00, 0x00, 0x00, 0x00, 0x00, 0x00, 0x00, 0x00, 0x00, 0x00, 0x00, 0x00, 0x00,
    0xfc, 0xff, 0xff, 0xff, 0xff, 0x1f, 0x00, 0x00, 0xfc, 0xff, 0xff, 0xff, 0xff, 0x1f, 0x00, 0x00,
    0xfc, 0xff, 0xff, 0xff, 0xff, 0x1f, 0x00, 0x00, 0xfc, 0xff, 0xff, 0xff, 0xff, 0x1f, 0x00, 0x00,
    0x3c, 0x00, 0xe0, 0x01, 0x00, 0x00, 0x00, 0x00, 0x3c, 0x00, 0xe0, 0x01, 0x00, 0x00, 0x00, 0x00,
    0x3c, 0x00, 0xe0, 0x01, 0x00, 0x00, 0x00, 0x00, 0x3c, 0x00, 0xe0, 0x03, 0x00, 0x00, 0x00, 0x00,
    0x3c, 0x00, 0xe0, 0x07, 0x00, 0x00, 0x00, 0x00, 0x3c, 0x00, 0xe0, 0x0f, 0x00, 0x00, 0x00, 0x00,
    0x3c, 0x00, 0xe0, 0x3f, 0x00, 0x00, 0x00, 0x00, 0x3c, 0x00, 0xe0, 0x7f, 0x00, 0x00, 0x00, 0x00,
    0x3c, 0x00, 0xe0, 0xfd, 0x00, 0x00, 0x00, 0x00, 0x3c, 0x00, 0xe0, 0xf9, 0x03, 0x00, 0x00, 0x00,
    0x3c, 0x00, 0xe0, 0xe1, 0x07, 0x00, 0x00, 0x00, 0x3c, 0x00, 0xe0, 0xc1, 0x0f, 0x00, 0x00, 0x00,
    0x3c, 0x00, 0xe0, 0x81, 0x3f, 0x00, 0x00, 0x00, 0x78, 0x00, 0xf0, 0x00, 0x7e, 0x00, 0x00, 0x00,
    0x78, 0x00, 0xf0, 0x00, 0xfc, 0x00, 0x00, 0x00, 0xf8, 0x00, 0xf8, 0x00, 0xf8, 0x01, 0x00, 0x00,
    0xf0, 0x01, 0x7c, 0x00, 0xe0, 0x07, 0x00, 0x00, 0xf0, 0x07, 0x7f, 0x00, 0xc0, 0x0f, 0x00, 0x00,
    0xe0, 0xff, 0x3f, 0x00, 0x80, 0x1f, 0x00, 0x00, 0xc0, 0xff, 0x1f, 0x00, 0x00, 0x1f, 0x00, 0x00,
    0x00, 0xff, 0x07, 0x00, 0x00, 0x1c, 0x00, 0x00, 0x00, 0xfc, 0x01, 0x00, 0x00, 0x18, 0x00, 0x00,
    0x00, 0x00, 0x00, 0x00, 0x00, 0x10, 0x00, 0x00, 0x00, 0x00, 0x00, 0x00, 0x00, 0x00, 0x00, 0x00,
    0x00, 0x00, 0x00, 0x00, 0x00, 0x00, 0x00, 0x00, 0x00, 0x00, 0x00, 0x00, 0x00, 0x00, 0x00, 0x00,
    0x00, 0x00, 0x00, 0x00, 0x20, 0x00, 0x00, 0x00, 0x00, 0x00, 0x00, 0x00, 0xf0, 0x00, 0x00, 0x00,
    0x00, 0x00, 0x00, 0x00, 0xf0, 0x01, 0x00, 0x00, 0x00, 0x3f, 0x00, 0x00, 0xf8, 0x03, 0x00, 0x00,
    0xc0, 0xff, 0x00, 0x00, 0xf0, 0x07, 0x00, 0x00, 0xf0, 0xff, 0x03, 0x00, 0xc0, 0x0f, 0x00, 0x00,
    0xf8, 0xff, 0x07, 0x00, 0x80, 0x0f, 0x00, 0x00, 0xf8, 0xe0, 0x0f, 0x00, 0x00, 0x1f, 0x00, 0x00,
    0x7c, 0x80, 0x1f, 0x00, 0x00, 0x1e, 0x00, 0x00, 0x3c, 0x00, 0x1f, 0x00, 0x00, 0x3e, 0x00, 0x00,
    0x1e, 0x00, 0x3e, 0x00, 0x00, 0x3c, 0x00, 0x00, 0x1e, 0x00, 0x7c, 0x00, 0x00, 0x3c, 0x00, 0x00,
    0x1e, 0x00, 0xfc, 0x00, 0x00, 0x3c, 0x00, 0x00, 0x1e, 0x00, 0xf8, 0x00, 0x00, 0x3c, 0x00, 0x00,
    0x1e, 0x00, 0xf0, 0x01, 0x00, 0x3c, 0x00, 0x00, 0x3e, 0x00, 0xe0, 0x03, 0x00, 0x3c, 0x00, 0x00,
    0x3c, 0x00, 0xe0, 0x07, 0x00, 0x1e, 0x00, 0x00, 0x7c, 0x00, 0xc0, 0x0f, 0x00, 0x1e, 0x00, 0x00,
    0xfc, 0x00, 0x80, 0x1f, 0x00, 0x1f, 0x00, 0x00, 0xf8, 0x01, 0x00, 0x3f, 0x80, 0x0f, 0x00, 0x00,
    0xf0, 0x03, 0x00, 0xfe, 0xe0, 0x07, 0x00, 0x00, 0xe0, 0x01, 0x00, 0xfc, 0xff, 0x07, 0x00, 0x00,
    0xc0, 0x00, 0x00, 0xf8, 0xff, 0x01, 0x00, 0x00, 0x80, 0x00, 0x00, 0xe0, 0xff, 0x00, 0x00, 0x00,
    0x00, 0x00, 0x00, 0x80, 0x3f, 0x00, 0x00, 0x00, 0x00, 0x00, 0x00, 0x00, 0x00, 0x00, 0x00, 0x00,
    0x00, 0x00, 0x00, 0x00, 0x00, 0x00, 0x00, 0x00, 0x00, 0x00, 0x00, 0x00, 0x00, 0x00, 0x00, 0x00,
    0x3c, 0x00, 0x00, 0x00, 0x00, 0x00, 0x00, 0x00, 0x3c, 0x00, 0x00, 0x00, 0x00, 0x00, 0x00, 0x00,
    0x3c, 0x00, 0x00, 0x00, 0x00, 0x00, 0x00, 0x00, 0x3c, 0x00, 0x00, 0x00, 0x00, 0x00, 0x00, 0x00,
    0x3c, 0x00, 0x00, 0x00, 0x00, 0x00, 0x00, 0x00, 0x3c, 0x00, 0x00, 0x00, 0x00, 0x00, 0x00, 0x00,
    0x3c, 0x00, 0x00, 0x00, 0x00, 0x00, 0x00, 0x00, 0x3c, 0x00, 0x00, 0x00, 0x00, 0x00, 0x00, 0x00,
    0x3c, 0x00, 0x00, 0x00, 0x00, 0x00, 0x00, 0x00, 0x3c, 0x00, 0x00, 0x00, 0x00, 0x00, 0x00, 0x00,
    0xfc, 0xff, 0xff, 0xff, 0xff, 0x1f, 0x00, 0x00, 0xfc, 0xff, 0xff, 0xff, 0xff, 0x1f, 0x00, 0x00,
    0xfc, 0xff, 0xff, 0xff, 0xff, 0x1f, 0x00, 0x00, 0xfc, 0xff, 0xff, 0xff, 0xff, 0x1f, 0x00, 0x00,
    0x3c, 0x00, 0x00, 0x00, 0x00, 0x00, 0x00, 0x00, 0x3c, 0x00, 0x00, 0x00, 0x00, 0x00, 0x00, 0x00,
    0x3c, 0x00, 0x00, 0x00, 0x00, 0x00, 0x00, 0x00, 0x3c, 0x00, 0x00, 0x00, 0x00, 0x00, 0x00, 0x00,
    0x3c, 0x00, 0x00, 0x00, 0x00, 0x00, 0x00, 0x00, 0x3c, 0x00, 0x00, 0x00, 0x00, 0x00, 0x00, 0x00,
    0x3c, 0x00, 0x00, 0x00, 0x00, 0x00, 0x00, 0x00, 0x3c, 0x00, 0x00, 0x00, 0x00, 0x00, 0x00, 0x00,
    0x3c, 0x00, 0x00, 0x00, 0x00, 0x00, 0x00, 0x00, 0x3c, 0x00, 0x00, 0x00, 0x00, 0x00, 0x00, 0x00,
    0x00, 0x00, 0x00, 0x00, 0x00, 0x00, 0x00, 0x00, 0x00, 0x00, 0x00, 0x00, 0x00, 0x00, 0x00, 0x00,
    0x00, 0x00, 0x00, 0x00, 0x00, 0x00, 0x00, 0x00, 0x00, 0x00, 0x00, 0x00, 0x00, 0x00, 0x00, 0x00,
    0x00, 0x00, 0x00, 0x00, 0x00, 0x00, 0x00, 0x00, 0x00, 0x00, 0x00, 0x00, 0x00, 0x00, 0x00, 0x00,
    0x00, 0x00, 0x00, 0x00, 0x00, 0x00, 0x00, 0x00, 0xfc, 0xff, 0xff, 0xff, 0x0f, 0x00, 0x00, 0x00,
    0xfc, 0xff, 0xff, 0xff, 0x7f, 0x00, 0x00, 0x00, 0xfc, 0xff, 0xff, 0xff, 0xff, 0x01, 0x00, 0x00,
    0xfc, 0xff, 0xff, 0xff, 0xff, 0x03, 0x00, 0x00, 0x00, 0x00, 0x00, 0x00, 0xf8, 0x07, 0x00, 0x00,
    0x00, 0x00, 0x00, 0x00, 0xc0, 0x07, 0x00, 0x00, 0x00, 0x00, 0x00, 0x00, 0x80, 0x0f, 0x00, 0x00,
    0x00, 0x00, 0x00, 0x00, 0x00, 0x1f, 0x00, 0x00, 0x00, 0x00, 0x00, 0x00, 0x00, 0x1f, 0x00, 0x00,
    0x00, 0x00, 0x00, 0x00, 0x00, 0x1e, 0x00, 0x00, 0x00, 0x00, 0x00, 0x00, 0x00, 0x3e, 0x00, 0x00,
    0x00, 0x00, 0x00, 0x00, 0x00, 0x3c, 0x00, 0x00, 0x00, 0x00, 0x00, 0x00, 0x00, 0x3c, 0x00, 0x00,
    0x00, 0x00, 0x00, 0x00, 0x00, 0x3c, 0x00, 0x00, 0x00, 0x00, 0x00, 0x00, 0x00, 0x3c, 0x00, 0x00,
    0x00, 0x00, 0x00, 0x00, 0x00, 0x3c, 0x00, 0x00, 0x00, 0x00, 0x00, 0x00, 0x00, 0x3c, 0x00, 0x00,
    0x00, 0x00, 0x00, 0x00, 0x00, 0x3e, 0x00, 0x00, 0x00, 0x00, 0x00, 0x00, 0x00, 0x1e, 0x00, 0x00,
    0x00, 0x00, 0x00, 0x00, 0x00, 0x1f, 0x00, 0x00, 0x00, 0x00, 0x00, 0x00, 0x00, 0x1f, 0x00, 0x00,
    0x00, 0x00, 0x00, 0x00, 0x80, 0x0f, 0x00, 0x00, 0x00, 0x00, 0x00, 0x00, 0xe0, 0x07, 0x00, 0x00,
    0x00, 0x00, 0x00, 0x00, 0xf8, 0x07, 0x00, 0x00, 0xfc, 0xff, 0xff, 0xff, 0xff, 0x01, 0x00, 0x00,
    0xfc, 0xff, 0xff, 0xff, 0xff, 0x00, 0x00, 0x00, 0xfc, 0xff, 0xff, 0xff, 0x3f, 0x00, 0x00, 0x00,
    0xfc, 0xff, 0xff, 0xff, 0x07, 0x00, 0x00, 0x00, 0x00, 0x00, 0x00, 0x00, 0x00, 0x00, 0x00, 0x00,
    0x00, 0x00, 0x00, 0x00, 0x00, 0x00, 0x00, 0x00, 0x00, 0x00, 0x00, 0x00, 0x00, 0x00, 0x00, 0x00,
    0x00, 0x00, 0x00, 0x00, 0x00, 0x00, 0x00, 0x00, 0x04, 0x00, 0x00, 0x00, 0x00, 0x00, 0x00, 0x00,
    0x3c, 0x00, 0x00, 0x00, 0x00, 0x00, 0x00, 0x00, 0xfc, 0x00, 0x00, 0x00, 0x00, 0x00, 0x00, 0x00,
    0xfc, 0x03, 0x00, 0x00, 0x00, 0x00, 0x00, 0x00, 0xf8, 0x1f, 0x00, 0x00, 0x00, 0x00, 0x00, 0x00,
    0xe0, 0x7f, 0x00, 0x00, 0x00, 0x00, 0x00, 0x00, 0x80, 0xff, 0x03, 0x00, 0x00, 0x00, 0x00, 0x00,
    0x00, 0xfc, 0x0f, 0x00, 0x00, 0x00, 0x00, 0x00, 0x00, 0xf0, 0x3f, 0x00, 0x00, 0x00, 0x00, 0x00,
    0x00, 0x80, 0xff, 0x01, 0x00, 0x00, 0x00, 0x00, 0x00, 0x00, 0xfe, 0x07, 0x00, 0x00, 0x00, 0x00,
    0x00, 0x00, 0xf8, 0x1f, 0x00, 0x00, 0x00, 0x00, 0x00, 0x00, 0xc0, 0xff, 0x00, 0x00, 0x00, 0x00,
    0x00, 0x00, 0x00, 0xff, 0x03, 0x00, 0x00, 0x00, 0x00, 0x00, 0x00, 0xfc, 0x1f, 0x00, 0x00, 0x00,
    0x00, 0x00, 0x00, 0xe0, 0x7f, 0x00, 0x00, 0x00, 0x00, 0x00, 0x00, 0x80, 0xff, 0x01, 0x00, 0x00,
    0x00, 0x00, 0x00, 0x00, 0xfc, 0x0f, 0x00, 0x00, 0x00, 0x00, 0x00, 0x00, 0xf0, 0x1f, 0x00, 0x00,
    0x00, 0x00, 0x00, 0x00, 0xfc, 0x0f, 0x00, 0x00, 0x00, 0x00, 0x00, 0x80, 0xff, 0x01, 0x00, 0x00,
    0x00, 0x00, 0x00, 0xe0, 0x7f, 0x00, 0x00, 0x00, 0x00, 0x00, 0x00, 0xfc, 0x1f, 0x00, 0x00, 0x00,
    0x00, 0x00, 0x00, 0xff, 0x03, 0x00, 0x00, 0x00, 0x00, 0x00, 0xc0, 0xff, 0x00, 0x00, 0x00, 0x00,
    0x00, 0x00, 0xf8, 0x3f, 0x00, 0x00, 0x00, 0x00, 0x00, 0x00, 0xfe, 0x07, 0x00, 0x00, 0x00, 0x00,
    0x00, 0xc0, 0xff, 0x01, 0x00, 0x00, 0x00, 0x00, 0x00, 0xf0, 0x3f, 0x00, 0x00, 0x00, 0x00, 0x00,
    0x00, 0xfc, 0x0f, 0x00, 0x00, 0x00, 0x00, 0x00, 0x80, 0xff, 0x03, 0x00, 0x00, 0x00, 0x00, 0x00,
    0xe0, 0x7f, 0x00, 0x00, 0x00, 0x00, 0x00, 0x00, 0xf8, 0x1f, 0x00, 0x00, 0x00, 0x00, 0x00, 0x00,
    0xfc, 0x03, 0x00, 0x00, 0x00, 0x00, 0x00, 0x00, 0xfc, 0x00, 0x00, 0x00, 0x00, 0x00, 0x00, 0x00,
    0x3c, 0x00, 0x00, 0x00, 0x00, 0x00, 0x00, 0x00, 0x04, 0x00, 0x00, 0x00, 0x00, 0x00, 0x00, 0x00,
    0x00, 0x00, 0x00, 0x00, 0x00, 0x00, 0x00, 0x00, 0x00, 0x00, 0x00, 0x00, 0x00, 0x00, 0x00, 0x00,
    0x00, 0x00, 0x00, 0x00, 0x00, 0x00, 0x00, 0x00, 0x00, 0x00, 0x00, 0x00, 0x00, 0x00, 0x00, 0x00,
    0x00, 0x00, 0x00, 0x00, 0x00, 0x00, 0x00, 0x00, 0x0c, 0x00, 0x00, 0x00, 0x00, 0x00, 0x00, 0x00,
    0xfc, 0x00, 0x00, 0x00, 0x00, 0x00, 0x00, 0x00, 0xfc, 0x0f, 0x00, 0x00, 0x00, 0x00, 0x00, 0x00,
    0xfc, 0x7f, 0x00, 0x00, 0x00, 0x00, 0x00, 0x00, 0xf0, 0xff, 0x07, 0x00, 0x00, 0x00, 0x00, 0x00,
    0x80, 0xff, 0x7f, 0x00, 0x00, 0x00, 0x00, 0x00, 0x00, 0xf8, 0xff, 0x07, 0x00, 0x00, 0x00, 0x00,
    0x00, 0x80, 0xff, 0x7f, 0x00, 0x00, 0x00, 0x00, 0x00, 0x00, 0xf8, 0xff, 0x07, 0x00, 0x00, 0x00,
    0x00, 0x00, 0xc0, 0xff, 0x3f, 0x00, 0x00, 0x00, 0x00, 0x00, 0x00, 0xfc, 0xff, 0x03, 0x00, 0x00,
    0x00, 0x00, 0x00, 0xc0, 0xff, 0x1f, 0x00, 0x00, 0x00, 0x00, 0x00, 0x00, 0xfc, 0x0f, 0x00, 0x00,
    0x00, 0x00, 0x00, 0x80, 0xff, 0x03, 0x00, 0x00, 0x00, 0x00, 0x00, 0xe0, 0x7f, 0x00, 0x00, 0x00,
    0x00, 0x00, 0x00, 0xfc, 0x1f, 0x00, 0x00, 0x00, 0x00, 0x00, 0x00, 0xff, 0x03, 0x00, 0x00, 0x00,
    0x00, 0x00, 0xe0, 0xff, 0x00, 0x00, 0x00, 0x00, 0x00, 0x00, 0xf8, 0x1f, 0x00, 0x00, 0x00, 0x00,
    0x00, 0x00, 0xff, 0x07, 0x00, 0x00, 0x00, 0x00, 0x00, 0xc0, 0xff, 0x00, 0x00, 0x00, 0x00, 0x00,
    0x00, 0xf8, 0x3f, 0x00, 0x00, 0x00, 0x00, 0x00, 0x00, 0xfe, 0x07, 0x00, 0x00, 0x00, 0x00, 0x00,
    0xc0, 0xff, 0x01, 0x00, 0x00, 0x00, 0x00, 0x00, 0xf0, 0x3f, 0x00, 0x00, 0x00, 0x00, 0x00, 0x00,
    0xfc, 0x0f, 0x00, 0x00, 0x00, 0x00, 0x00, 0x00, 0xf8, 0x3f, 0x00, 0x00, 0x00, 0x00, 0x00, 0x00,
    0xe0, 0xff, 0x01, 0x00, 0x00, 0x00, 0x00, 0x00, 0x00, 0xff, 0x07, 0x00, 0x00, 0x00, 0x00, 0x00,
    0x00, 0xf8, 0x3f, 0x00, 0x00, 0x00, 0x00, 0x00, 0x00, 0xe0, 0xff, 0x00, 0x00, 0x00, 0x00, 0x00,
    0x00, 0x00, 0xff, 0x07, 0x00, 0x00, 0x00, 0x00, 0x00, 0x00, 0xfc, 0x3f, 0x00, 0x00, 0x00, 0x00,
    0x00, 0x00, 0xe0, 0xff, 0x00, 0x00, 0x00, 0x00, 0x00, 0x00, 0x80, 0xff, 0x07, 0x00, 0x00, 0x00,
    0x00, 0x00, 0x00, 0xfc, 0x1f, 0x00, 0x00, 0x00, 0x00, 0x00, 0x00, 0xe0, 0xff, 0x00, 0x00, 0x00,
    0x00, 0x00, 0x00, 0x80, 0xff, 0x03, 0x00, 0x00, 0x00, 0x00, 0x00, 0x00, 0xfc, 0x1f, 0x00, 0x00,
    0x00, 0x00, 0x00, 0xc0, 0xff, 0x1f, 0x00, 0x00, 0x00, 0x00, 0x00, 0xfc, 0xff, 0x03, 0x00, 0x00,
    0x00, 0x00, 0xc0, 0xff, 0x3f, 0x00, 0x00, 0x00, 0x00, 0x00, 0xf8, 0xff, 0x03, 0x00, 0x00, 0x00,
    0x00, 0x80, 0xff, 0x3f, 0x00, 0x00, 0x00, 0x00, 0x00, 0xf8, 0xff, 0x07, 0x00, 0x00, 0x00, 0x00,
    0x80, 0xff, 0x7f, 0x00, 0x00, 0x00, 0x00, 0x00, 0xf0, 0xff, 0x07, 0x00, 0x00, 0x00, 0x00, 0x00,
    0xfc, 0x7f, 0x00, 0x00, 0x00, 0x00, 0x00, 0x00, 0xfc, 0x0f, 0x00, 0x00, 0x00, 0x00, 0x00, 0x00,
    0xfc, 0x00, 0x00, 0x00, 0x00, 0x00, 0x00, 0x00, 0x0c, 0x00, 0x00, 0x00, 0x00, 0x00, 0x00, 0x00,
    0x00, 0x00, 0x00, 0x00, 0x00, 0x00, 0x00, 0x00, 0x00, 0x00, 0x00, 0x00, 0x00, 0x00, 0x00, 0x00,
    0x00, 0x00, 0x00, 0x00, 0x00, 0x00, 0x00, 0x00, 0x00, 0x00, 0x00, 0x00, 0x00, 0x00, 0x00, 0x00,
    0x00, 0x00, 0x00, 0x00, 0x00, 0x18, 0x00, 0x00, 0x0c, 0x00, 0x00, 0x00, 0x00, 0x1c, 0x00, 0x00,
    0x1c, 0x00, 0x00, 0x00, 0x00, 0x1f, 0x00, 0x00, 0x7c, 0x00, 0x00, 0x00, 0x80, 0x1f, 0x00, 0x00,
    0xfc, 0x00, 0x00, 0x00, 0xe0, 0x0f, 0x00, 0x00, 0xf8, 0x03, 0x00, 0x00, 0xf0, 0x07, 0x00, 0x00,
    0xf0, 0x07, 0x00, 0x00, 0xfc, 0x01, 0x00, 0x00, 0xc0, 0x1f, 0x00, 0x00, 0xff, 0x00, 0x00, 0x00,
    0x80, 0x7f, 0x00, 0x80, 0x3f, 0x00, 0x00, 0x00, 0x00, 0xfe, 0x00, 0xe0, 0x0f, 0x00, 0x00, 0x00,
    0x00, 0xf8, 0x03, 0xf0, 0x07, 0x00, 0x00, 0x00, 0x00, 0xf0, 0x07, 0xfc, 0x01, 0x00, 0x00, 0x00,
    0x00, 0xc0, 0x1f, 0xfe, 0x00, 0x00, 0x00, 0x00, 0x00, 0x80, 0xbf, 0x3f, 0x00, 0x00, 0x00, 0x00,
    0x00, 0x00, 0xfe, 0x1f, 0x00, 0x00, 0x00, 0x00, 0x00, 0x00, 0xfc, 0x07, 0x00, 0x00, 0x00, 0x00,
    0x00, 0x00, 0xfc, 0x07, 0x00, 0x00, 0x00, 0x00, 0x00, 0x00, 0xfe, 0x1f, 0x00, 0x00, 0x00, 0x00,
    0x00, 0x80, 0xbf, 0x3f, 0x00, 0x00, 0x00, 0x00, 0x00, 0xc0, 0x1f, 0xfe, 0x00, 0x00, 0x00, 0x00,
    0x00, 0xf0, 0x07, 0xfc, 0x01, 0x00, 0x00, 0x00, 0x00, 0xf8, 0x03, 0xf0, 0x07, 0x00, 0x00, 0x00,
    0x00, 0xfe, 0x00, 0xe0, 0x0f, 0x00, 0x00, 0x00, 0x80, 0x7f, 0x00, 0x80, 0x3f, 0x00, 0x00, 0x00,
    0xc0, 0x1f, 0x00, 0x00, 0xff, 0x00, 0x00, 0x00, 0xf0, 0x07, 0x00, 0x00, 0xfc, 0x01, 0x00, 0x00,
    0xf8, 0x03, 0x00, 0x00, 0xf0, 0x07, 0x00, 0x00, 0xfc, 0x00, 0x00, 0x00, 0xe0, 0x0f, 0x00, 0x00,
    0x7c, 0x00, 0x00, 0x00, 0x80, 0x1f, 0x00, 0x00, 0x1c, 0x00, 0x00, 0x00, 0x00, 0x1f, 0x00, 0x00,
    0x0c, 0x00, 0x00, 0x00, 0x00, 0x1c, 0x00, 0x00, 0x00, 0x00, 0x00, 0x00, 0x00, 0x18, 0x00, 0x00,
    0x00, 0x00, 0x00, 0x00, 0x00, 0x00, 0x00, 0x00, 0x00, 0x00, 0x00, 0x00, 0x00, 0x00, 0x00, 0x00,
    0x00, 0x00, 0x00, 0x00, 0x00, 0x00, 0x00, 0x00, 0x00, 0x00, 0x00, 0x00, 0x00, 0x00, 0x00, 0x00,
    0x04, 0x00, 0x00, 0x00, 0x00, 0x00, 0x00, 0x00, 0x0c, 0x00, 0x00, 0x00, 0x00, 0x00, 0x00, 0x00,
    0x3c, 0x00, 0x00, 0x00, 0x00, 0x00, 0x00, 0x00, 0xfc, 0x00, 0x00, 0x00, 0x00, 0x00, 0x00, 0x00,
    0xfc, 0x01, 0x00, 0x00, 0x00, 0x00, 0x00, 0x00, 0xf0, 0x07, 0x00, 0x00, 0x00, 0x00, 0x00, 0x00,
    0xe0, 0x0f, 0x00, 0x00, 0x00, 0x00, 0x00, 0x00, 0x80, 0x3f, 0x00, 0x00, 0x00, 0x00, 0x00, 0x00,
    0x00, 0xff, 0x00, 0x00, 0x00, 0x00, 0x00, 0x00, 0x00, 0xfc, 0x01, 0x00, 0x00, 0x00, 0x00, 0x00,
    0x00, 0xf0, 0x07, 0x00, 0x00, 0x00, 0x00, 0x00, 0x00, 0xe0, 0x0f, 0x00, 0x00, 0x00, 0x00, 0x00,
    0x00, 0x80, 0x3f, 0x00, 0x00, 0x00, 0x00, 0x00, 0x00, 0x00, 0xff, 0x00, 0x00, 0x00, 0x00, 0x00,
    0x00, 0x00, 0xfc, 0xff, 0xff, 0x1f, 0x00, 0x00, 0x00, 0x00, 0xf0, 0xff, 0xff, 0x1f, 0x00, 0x00,
    0x00, 0x00, 0xf0, 0xff, 0xff, 0x1f, 0x00, 0x00, 0x00, 0x00, 0xfc, 0xff, 0xff, 0x1f, 0x00, 0x00,
    0x00, 0x00, 0xff, 0x00, 0x00, 0x00, 0x00, 0x00, 0x00, 0x80, 0x3f, 0x00, 0x00, 0x00, 0x00, 0x00,
    0x00, 0xe0, 0x0f, 0x00, 0x00, 0x00, 0x00, 0x00, 0x00, 0xf0, 0x07, 0x00, 0x00, 0x00, 0x00, 0x00,
    0x00, 0xfc, 0x01, 0x00, 0x00, 0x00, 0x00, 0x00, 0x00, 0xff, 0x00, 0x00, 0x00, 0x00, 0x00, 0x00,
    0x80, 0x3f, 0x00, 0x00, 0x00, 0x00, 0x00, 0x00, 0xe0, 0x0f, 0x00, 0x00, 0x00, 0x00, 0x00, 0x00,
    0xf0, 0x07, 0x00, 0x00, 0x00, 0x00, 0x00, 0x00, 0xfc, 0x01, 0x00, 0x00, 0x00, 0x00, 0x00, 0x00,
    0xfc, 0x00, 0x00, 0x00, 0x00, 0x00, 0x00, 0x00, 0x3c, 0x00, 0x00, 0x00, 0x00, 0x00, 0x00, 0x00,
    0x0c, 0x00, 0x00, 0x00, 0x00, 0x00, 0x00, 0x00, 0x04, 0x00, 0x00, 0x00, 0x00, 0x00, 0x00, 0x00,
    0x00, 0x00, 0x00, 0x00, 0x00, 0x00, 0x00, 0x00, 0x00, 0x00, 0x00, 0x00, 0x00, 0x00, 0x00, 0x00,
    0x00, 0x00, 0x00, 0x00, 0x00, 0x00, 0x00, 0x00, 0x00, 0x00, 0x00, 0x00, 0x00, 0x00, 0x00, 0x00,
    0x00, 0x00, 0x00, 0x00, 0x00, 0x10, 0x00, 0x00, 0x00, 0x00, 0x00, 0x00, 0x00, 0x1c, 0x00, 0x00,
    0x3c, 0x00, 0x00, 0x00, 0x00, 0x1f, 0x00, 0x00, 0x3c, 0x00, 0x00, 0x00, 0xe0, 0x1f, 0x00, 0x00,
    0x3c, 0x00, 0x00, 0x00, 0xf8, 0x1f, 0x00, 0x00, 0x3c, 0x00, 0x00, 0x00, 0xfe, 0x1f, 0x00, 0x00,
    0x3c, 0x00, 0x00, 0x80, 0xff, 0x1e, 0x00, 0x00, 0x3c, 0x00, 0x00, 0xe0, 0x3f, 0x1e, 0x00, 0x00,
    0x3c, 0x00, 0x00, 0xfc, 0x0f, 0x1e, 0x00, 0x00, 0x3c, 0x00, 0x00, 0xff, 0x03, 0x1e, 0x00, 0x00,
    0x3c, 0x00, 0xc0, 0x7f, 0x00, 0x1e, 0x00, 0x00, 0x3c, 0x00, 0xf0, 0x1f, 0x00, 0x1e, 0x00, 0x00,
    0x3c, 0x00, 0xfc, 0x07, 0x00, 0x1e, 0x00, 0x00, 0x3c, 0x00, 0xff, 0x01, 0x00, 0x1e, 0x00, 0x00,
    0x3c, 0xe0, 0x7f, 0x00, 0x00, 0x1e, 0x00, 0x00, 0x3c, 0xf8, 0x1f, 0x00, 0x00, 0x1e, 0x00, 0x00,
    0x3c, 0xfe, 0x03, 0x00, 0x00, 0x1e, 0x00, 0x00, 0xbc, 0xff, 0x00, 0x00, 0x00, 0x1e, 0x00, 0x00,
    0xfc, 0x3f, 0x00, 0x00, 0x00, 0x1e, 0x00, 0x00, 0xfc, 0x0f, 0x00, 0x00, 0x00, 0x1e, 0x00, 0x00,
    0xfc, 0x03, 0x00, 0x00, 0x00, 0x1e, 0x00, 0x00, 0x7c, 0x00, 0x00, 0x00, 0x00, 0x1e, 0x00, 0x00,
    0x1c, 0x00, 0x00, 0x00, 0x00, 0x1e, 0x00, 0x00, 0x04, 0x00, 0x00, 0x00, 0x00, 0x00, 0x00, 0x00,
    0x00, 0x00, 0x00, 0x00, 0x00, 0x00, 0x00, 0x00, 0x00, 0x00, 0x00, 0x00, 0x00, 0x00, 0x00, 0x00,
    0x00, 0x00, 0x00, 0x00, 0x00, 0x00, 0x00, 0x00, 0x00, 0x00, 0x00, 0x00, 0x00, 0x00, 0x00, 0x00,
    0x00, 0x00, 0x00, 0x00, 0x00, 0x00, 0x00, 0x00, 0x00, 0x00, 0x00, 0xfe, 0x01, 0x00, 0x00, 0x00,
    0x00, 0x00, 0xc0, 0xff, 0x0f, 0x00, 0x00, 0x00, 0x00, 0x00, 0xf0, 0xff, 0x3f, 0x00, 0x00, 0x00,
    0x00, 0x00, 0xfc, 0xff, 0xff, 0x00, 0x00, 0x00, 0x00, 0x00, 0xfe, 0x01, 0xfe, 0x01, 0x00, 0x00,
    0x00, 0x00, 0x7f, 0x00, 0xf8, 0x03, 0x00, 0x00, 0x00, 0x80, 0x1f, 0x00, 0xe0, 0x07, 0x00, 0x00,
    0x00, 0x80, 0x0f, 0x00, 0xc0, 0x07, 0x00, 0x00, 0x00, 0xc0, 0x07, 0x00, 0x80, 0x0f, 0x00, 0x00,
    0x00, 0xc0, 0x03, 0x00, 0x00, 0x1f, 0x00, 0x00, 0x00, 0xe0, 0x03, 0x00, 0x00, 0x1f, 0x00, 0x00,
    0x00, 0xe0, 0x01, 0x00, 0x00, 0x1e, 0x00, 0x00, 0x00, 0xf0, 0x01, 0x00, 0x00, 0x3e, 0x00, 0x00,
    0x00, 0xf0, 0x00, 0x00, 0x00, 0x3c, 0x00, 0x00, 0x00, 0xf0, 0x00, 0x00, 0x00, 0x3c, 0x00, 0x00,
    0x00, 0xf0, 0x00, 0x00, 0x00, 0x3c, 0x00, 0x00, 0x00, 0xf0, 0x00, 0x00, 0x00, 0x3c, 0x00, 0x00,
    0x00, 0xf0, 0x00, 0x00, 0x00, 0x3c, 0x00, 0x00, 0x00, 0xf0, 0x00, 0x00, 0x00, 0x3c, 0x00, 0x00,
    0x00, 0xf0, 0x00, 0x00, 0x00, 0x3c, 0x00, 0x00, 0x00, 0xe0, 0x01, 0x00, 0x00, 0x1e, 0x00, 0x00,
    0x00, 0xe0, 0x01, 0x00, 0x00, 0x1e, 0x00, 0x00, 0x00, 0xe0, 0x03, 0x00, 0x00, 0x1f, 0x00, 0x00,
    0x00, 0xc0, 0x03, 0x00, 0x00, 0x0f, 0x00, 0x00, 0x00, 0xc0, 0x07, 0x00, 0x80, 0x0f, 0x00, 0x00,
    0x00, 0x80, 0x0f, 0x00, 0xc0, 0x07, 0x00, 0x00, 0x00, 0x00, 0x1f, 0x00, 0xe0, 0x03, 0x00, 0x00,
    0x00, 0x00, 0x7e, 0x00, 0xf8, 0x01, 0x00, 0x00, 0x00, 0x00, 0xfc, 0x01, 0xfe, 0x00, 0x00, 0x00,
    0x00, 0xe0, 0xff, 0xff, 0xff, 0x1f, 0x00, 0x00, 0x00, 0xe0, 0xff, 0xff, 0xff, 0x1f, 0x00, 0x00,
    0x00, 0xe0, 0xff, 0xff, 0xff, 0x1f, 0x00, 0x00, 0x00, 0xe0, 0xff, 0xff, 0xff, 0x1f, 0x00, 0x00,
    0x00, 0x00, 0x00, 0x00, 0x00, 0x00, 0x00, 0x00, 0x00, 0x00, 0x00, 0x00, 0x00, 0x00, 0x00, 0x00,
    0x00, 0x00, 0x00, 0x00, 0x00, 0x00, 0x00, 0x00, 0x00, 0x00, 0x00, 0x00, 0x00, 0x00, 0x00, 0x00,
    0x00, 0x00, 0x00, 0x00, 0x00, 0x00, 0x00, 0x00, 0x00, 0x00, 0x00, 0x00, 0x00, 0x00, 0x00, 0x00,
    0x00, 0x00, 0x00, 0x00, 0x00, 0x00, 0x00, 0x00, 0xfe, 0xff, 0xff, 0xff, 0xff, 0x1f, 0x00, 0x00,
    0xfe, 0xff, 0xff, 0xff, 0xff, 0x1f, 0x00, 0x00, 0xfe, 0xff, 0xff, 0xff, 0xff, 0x1f, 0x00, 0x00,
    0xfe, 0xff, 0xff, 0xff, 0xff, 0x1f, 0x00, 0x00, 0x00, 0x00, 0xfc, 0x01, 0xfe, 0x00, 0x00, 0x00,
    0x00, 0x00, 0x7e, 0x00, 0xf8, 0x01, 0x00, 0x00, 0x00, 0x00, 0x1f, 0x00, 0xe0, 0x03, 0x00, 0x00,
    0x00, 0x80, 0x0f, 0x00, 0xc0, 0x07, 0x00, 0x00, 0x00, 0xc0, 0x07, 0x00, 0x80, 0x0f, 0x00, 0x00,
    0x00, 0xc0, 0x03, 0x00, 0x00, 0x0f, 0x00, 0x00, 0x00, 0xe0, 0x03, 0x00, 0x00, 0x1e, 0x00, 0x00,
    0x00, 0xe0, 0x01, 0x00, 0x00, 0x1e, 0x00, 0x00, 0x00, 0xe0, 0x01, 0x00, 0x00, 0x1e, 0x00, 0x00,
    0x00, 0xf0, 0x00, 0x00, 0x00, 0x3c, 0x00, 0x00, 0x00, 0xf0, 0x00, 0x00, 0x00, 0x3c, 0x00, 0x00,
    0x00, 0xf0, 0x00, 0x00, 0x00, 0x3c, 0x00, 0x00, 0x00, 0xf0, 0x00, 0x00, 0x00, 0x3c, 0x00, 0x00,
    0x00, 0xf0, 0x00, 0x00, 0x00, 0x3c, 0x00, 0x00, 0x00, 0xf0, 0x00, 0x00, 0x00, 0x3c, 0x00, 0x00,
    0x00, 0xf0, 0x00, 0x00, 0x00, 0x3c, 0x00, 0x00, 0x00, 0xf0, 0x01, 0x00, 0x00, 0x3e, 0x00, 0x00,
    0x00, 0xe0, 0x01, 0x00, 0x00, 0x1e, 0x00, 0x00, 0x00, 0xe0, 0x03, 0x00, 0x00, 0x1f, 0x00, 0x00,
    0x00, 0xe0, 0x03, 0x00, 0x00, 0x1f, 0x00, 0x00, 0x00, 0xc0, 0x07, 0x00, 0x80, 0x0f, 0x00, 0x00,
    0x00, 0x80, 0x0f, 0x00, 0xc0, 0x07, 0x00, 0x00, 0x00, 0x80, 0x1f, 0x00, 0xe0, 0x07, 0x00, 0x00,
    0x00, 0x00, 0x7f, 0x00, 0xf8, 0x03, 0x00, 0x00, 0x00, 0x00, 0xfe, 0x03, 0xfe, 0x01, 0x00, 0x00,
    0x00, 0x00, 0xfc, 0xff, 0xff, 0x00, 0x00, 0x00, 0x00, 0x00, 0xf0, 0xff, 0x3f, 0x00, 0x00, 0x00,
    0x00, 0x00, 0xc0, 0xff, 0x0f, 0x00, 0x00, 0x00, 0x00, 0x00, 0x00, 0xfe, 0x01, 0x00, 0x00, 0x00,
    0x00, 0x00, 0x00, 0x00, 0x00, 0x00, 0x00, 0x00, 0x00, 0x00, 0x00, 0x00, 0x00, 0x00, 0x00, 0x00,
    0x00, 0x00, 0x00, 0x00, 0x00, 0x00, 0x00, 0x00, 0x00, 0x00, 0x00, 0x00, 0x00, 0x00, 0x00, 0x00,
    0x00, 0x00, 0x00, 0x00, 0x00, 0x00, 0x00, 0x00, 0x00, 0x00, 0x00, 0xfe, 0x03, 0x00, 0x00, 0x00,
    0x00, 0x00, 0xc0, 0xff, 0x0f, 0x00, 0x00, 0x00, 0x00, 0x00, 0xf0, 0xff, 0x3f, 0x00, 0x00, 0x00,
    0x00, 0x00, 0xf8, 0xff, 0x7f, 0x00, 0x00, 0x00, 0x00, 0x00, 0xfc, 0x01, 0xff, 0x01, 0x00, 0x00,
    0x00, 0x00, 0x7e, 0x00, 0xf8, 0x03, 0x00, 0x00, 0x00, 0x00, 0x1f, 0x00, 0xe0, 0x03, 0x00, 0x00,
    0x00, 0x80, 0x0f, 0x00, 0xc0, 0x07, 0x00, 0x00, 0x00, 0xc0, 0x07, 0x00, 0x80, 0x0f, 0x00, 0x00,
    0x00, 0xc0, 0x03, 0x00, 0x80, 0x0f, 0x00, 0x00, 0x00, 0xe0, 0x03, 0x00, 0x00, 0x1f, 0x00, 0x00,
    0x00, 0xe0, 0x01, 0x00, 0x00, 0x1e, 0x00, 0x00, 0x00, 0xe0, 0x01, 0x00, 0x00, 0x1e, 0x00, 0x00,
    0x00, 0xe0, 0x01, 0x00, 0x00, 0x3e, 0x00, 0x00, 0x00, 0xf0, 0x00, 0x00, 0x00, 0x3c, 0x00, 0x00,
    0x00, 0xf0, 0x00, 0x00, 0x00, 0x3c, 0x00, 0x00, 0x00, 0xf0, 0x00, 0x00, 0x00, 0x3c, 0x00, 0x00,
    0x00, 0xf0, 0x00, 0x00, 0x00, 0x3c, 0x00, 0x00, 0x00, 0xf0, 0x00, 0x00, 0x00, 0x3c, 0x00, 0x00,
    0x00, 0xf0, 0x00, 0x00, 0x00, 0x3c, 0x00, 0x00, 0x00, 0xf0, 0x00, 0x00, 0x00, 0x3c, 0x00, 0x00,
    0x00, 0xf0, 0x00, 0x00, 0x00, 0x3c, 0x00, 0x00, 0x00, 0xe0, 0x01, 0x00, 0x00, 0x3e, 0x00, 0x00,
    0x00, 0xe0, 0x01, 0x00, 0x00, 0x1e, 0x00, 0x00, 0x00, 0xe0, 0x01, 0x00, 0x00, 0x1f, 0x00, 0x00,
    0x00, 0xe0, 0x03, 0x00, 0x00, 0x1f, 0x00, 0x00, 0x00, 0xc0, 0x07, 0x00, 0x80, 0x0f, 0x00, 0x00,
    0x00, 0xc0, 0x0f, 0x00, 0xc0, 0x0f, 0x00, 0x00, 0x00, 0x80, 0x1f, 0x00, 0xe0, 0x07, 0x00, 0x00,
    0x00, 0x00, 0x3f, 0x00, 0xf0, 0x03, 0x00, 0x00, 0x00, 0x00, 0x3e, 0x00, 0xf0, 0x01, 0x00, 0x00,
    0x00, 0x00, 0x1c, 0x00, 0xe0, 0x00, 0x00, 0x00, 0x00, 0x00, 0x08, 0x00, 0x40, 0x00, 0x00, 0x00,
    0x00, 0x00, 0x00, 0x00, 0x00, 0x00, 0x00, 0x00, 0x00, 0x00, 0x00, 0x00, 0x00, 0x00, 0x00, 0x00,
    0x00, 0x00, 0x00, 0x00, 0x00, 0x00, 0x00, 0x00, 0x00, 0x00, 0x00, 0x00, 0x00, 0x00, 0x00, 0x00,
    0x00, 0x00, 0x00, 0x00, 0x00, 0x00, 0x00, 0x00, 0x00, 0x00, 0x00, 0xfe, 0x01, 0x00, 0x00, 0x00,
    0x00, 0x00, 0xc0, 0xff, 0x0f, 0x00, 0x00, 0x00, 0x00, 0x00, 0xf0, 0xff, 0x3f, 0x00, 0x00, 0x00,
    0x00, 0x00, 0xfc, 0xff, 0xff, 0x00, 0x00, 0x00, 0x00, 0x00, 0xfe, 0x01, 0xfe, 0x01, 0x00, 0x00,
    0x00, 0x00, 0x7f, 0x00, 0xf8, 0x03, 0x00, 0x00, 0x00, 0x80, 0x1f, 0x00, 0xe0, 0x07, 0x00, 0x00,
    0x00, 0x80, 0x0f, 0x00, 0xc0, 0x07, 0x00, 0x00, 0x00, 0xc0, 0x07, 0x00, 0x80, 0x0f, 0x00, 0x00,
    0x00, 0xc0, 0x03, 0x00, 0x00, 0x1f, 0x00, 0x00, 0x00, 0xe0, 0x03, 0x00, 0x00, 0x1f, 0x00, 0x00,
    0x00, 0xe0, 0x01, 0x00, 0x00, 0x1e, 0x00, 0x00, 0x00, 0xf0, 0x01, 0x00, 0x00, 0x3e, 0x00, 0x00,
    0x00, 0xf0, 0x00, 0x00, 0x00, 0x3c, 0x00, 0x00, 0x00, 0xf0, 0x00, 0x00, 0x00, 0x3c, 0x00, 0x00,
    0x00, 0xf0, 0x00, 0x00, 0x00, 0x3c, 0x00, 0x00, 0x00, 0xf0, 0x00, 0x00, 0x00, 0x3c, 0x00, 0x00,
    0x00, 0xf0, 0x00, 0x00, 0x00, 0x3c, 0x00, 0x00, 0x00, 0xf0, 0x00, 0x00, 0x00, 0x3c, 0x00, 0x00,
    0x00, 0xf0, 0x00, 0x00, 0x00, 0x3c, 0x00, 0x00, 0x00, 0xe0, 0x01, 0x00, 0x00, 0x1e, 0x00, 0x00,
    0x00, 0xe0, 0x01, 0x00, 0x00, 0x1e, 0x00, 0x00, 0x00, 0xe0, 0x03, 0x00, 0x00, 0x1f, 0x00, 0x00,
    0x00, 0xc0, 0x03, 0x00, 0x00, 0x0f, 0x00, 0x00, 0x00, 0xc0, 0x07, 0x00, 0x80, 0x0f, 0x00, 0x00,
    0x00, 0x80, 0x0f, 0x00, 0xc0, 0x07, 0x00, 0x00, 0x00, 0x00, 0x1f, 0x00, 0xe0, 0x03, 0x00, 0x00,
    0x00, 0x00, 0x7e, 0x00, 0xf8, 0x01, 0x00, 0x00, 0x00, 0x00, 0xfc, 0x01, 0xfe, 0x00, 0x00, 0x00,
    0xfe, 0xff, 0xff, 0xff, 0xff, 0x1f, 0x00, 0x00, 0xfe, 0xff, 0xff, 0xff, 0xff, 0x1f, 0x00, 0x00,
    0xfe, 0xff, 0xff, 0xff, 0xff, 0x1f, 0x00, 0x00, 0xfe, 0xff, 0xff, 0xff, 0xff, 0x1f, 0x00, 0x00,
    0x00, 0x00, 0x00, 0x00, 0x00, 0x00, 0x00, 0x00, 0x00, 0x00, 0x00, 0x00, 0x00, 0x00, 0x00, 0x00,
    0x00, 0x00, 0x00, 0x00, 0x00, 0x00, 0x00, 0x00, 0x00, 0x00, 0x00, 0x00, 0x00, 0x00, 0x00, 0x00,
    0x00, 0x00, 0x00, 0x00, 0x00, 0x00, 0x00, 0x00, 0x00, 0x00, 0x00, 0xfe, 0x01, 0x00, 0x00, 0x00,
    0x00, 0x00, 0xc0, 0xff, 0x0f, 0x00, 0x00, 0x00, 0x00, 0x00, 0xf0, 0xff, 0x3f, 0x00, 0x00, 0x00,
    0x00, 0x00, 0xfc, 0xff, 0xff, 0x00, 0x00, 0x00, 0x00, 0x00, 0xfe, 0x3f, 0xfe, 0x01, 0x00, 0x00,
    0x00, 0x00, 0x7f, 0x3c, 0xf0, 0x03, 0x00, 0x00, 0x00, 0x80, 0x1f, 0x3c, 0xe0, 0x07, 0x00, 0x00,
    0x00, 0x80, 0x0f, 0x3c, 0x80, 0x0f, 0x00, 0x00, 0x00, 0xc0, 0x07, 0x3c, 0x80, 0x0f, 0x00, 0x00,
    0x00, 0xe0, 0x03, 0x3c, 0x00, 0x1f, 0x00, 0x00, 0x00, 0xe0, 0x03, 0x3c, 0x00, 0x1e, 0x00, 0x00,
    0x00, 0xe0, 0x01, 0x3c, 0x00, 0x1e, 0x00, 0x00, 0x00, 0xf0, 0x01, 0x3c, 0x00, 0x3e, 0x00, 0x00,
    0x00, 0xf0, 0x00, 0x3c, 0x00, 0x3c, 0x00, 0x00, 0x00, 0xf0, 0x00, 0x3c, 0x00, 0x3c, 0x00, 0x00,
    0x00, 0xf0, 0x00, 0x3c, 0x00, 0x3c, 0x00, 0x00, 0x00, 0xf0, 0x00, 0x3c, 0x00, 0x3c, 0x00, 0x00,
    0x00, 0xf0, 0x00, 0x3c, 0x00, 0x3c, 0x00, 0x00, 0x00, 0xf0, 0x00, 0x3c, 0x00, 0x3c, 0x00, 0x00,
    0x00, 0xf0, 0x00, 0x3c, 0x00, 0x3c, 0x00, 0x00, 0x00, 0xf0, 0x01, 0x3c, 0x00, 0x3e, 0x00, 0x00,
    0x00, 0xe0, 0x01, 0x3c, 0x00, 0x1e, 0x00, 0x00, 0x00, 0xe0, 0x01, 0x3c, 0x00, 0x1e, 0x00, 0x00,
    0x00, 0xc0, 0x03, 0x3c, 0x00, 0x1f, 0x00, 0x00, 0x00, 0xc0, 0x07, 0x3c, 0x00, 0x0f, 0x00, 0x00,
    0x00, 0x80, 0x07, 0x3c, 0x80, 0x0f, 0x00, 0x00, 0x00, 0x80, 0x1f, 0x3c, 0xc0, 0x07, 0x00, 0x00,
    0x00, 0x00, 0x3f, 0x3c, 0xf0, 0x03, 0x00, 0x00, 0x00, 0x00, 0xfe, 0x3c, 0xf8, 0x03, 0x00, 0x00,
    0x00, 0x00, 0xf8, 0x3f, 0xf8, 0x01, 0x00, 0x00, 0x00, 0x00, 0xf0, 0x3f, 0x70, 0x00, 0x00, 0x00,
    0x00, 0x00, 0xc0, 0x3f, 0x20, 0x00, 0x00, 0x00, 0x00, 0x00, 0x00, 0x3e, 0x00, 0x00, 0x00, 0x00,
    0x00, 0x00, 0x00, 0x00, 0x00, 0x00, 0x00, 0x00, 0x00, 0x00, 0x00, 0x00, 0x00, 0x00, 0x00, 0x00,
    0x00, 0x00, 0x00, 0x00, 0x00, 0x00, 0x00, 0x00, 0x00, 0x00, 0x00, 0x00, 0x00, 0x00, 0x00, 0x00,
    0x00, 0xe0, 0x01, 0x00, 0x00, 0x00, 0x00, 0x00, 0x00, 0xe0, 0x01, 0x00, 0x00, 0x00, 0x00, 0x00,
    0x00, 0xe0, 0x01, 0x00, 0x00, 0x00, 0x00, 0x00, 0x00, 0xe0, 0x01, 0x00, 0x00, 0x00, 0x00, 0x00,
    0xf8, 0xff, 0xff, 0xff, 0xff, 0x1f, 0x00, 0x00, 0xfc, 0xff, 0xff, 0xff, 0xff, 0x1f, 0x00, 0x00,
    0xfe, 0xff, 0xff, 0xff, 0xff, 0x1f, 0x00, 0x00, 0xfe, 0xff, 0xff, 0xff, 0xff, 0x1f, 0x00, 0x00,
    0x1f, 0xe0, 0x01, 0x00, 0x00, 0x00, 0x00, 0x00, 0x0f, 0xe0, 0x01, 0x00, 0x00, 0x00, 0x00, 0x00,
    0x0f, 0xe0, 0x01, 0x00, 0x00, 0x00, 0x00, 0x00, 0x0f, 0xe0, 0x01, 0x00, 0x00, 0x00, 0x00, 0x00,
    0x0f, 0xe0, 0x01, 0x00, 0x00, 0x00, 0x00, 0x00, 0x0f, 0xe0, 0x01, 0x00, 0x00, 0x00, 0x00, 0x00,
    0x1e, 0xe0, 0x01, 0x00, 0x00, 0x00, 0x00, 0x00, 0x00, 0x00, 0x00, 0x00, 0x00, 0x00, 0x00, 0x00,
    0x00, 0x00, 0x00, 0x00, 0x00, 0x00, 0x00, 0x00, 0x00, 0x00, 0x00, 0x00, 0x00, 0x00, 0x00, 0x00,
    0x00, 0x00, 0x00, 0x00, 0x00, 0x00, 0x00, 0x00, 0x00, 0x00, 0x00, 0x00, 0x00, 0x00, 0x00, 0x00,
    0x00, 0x00, 0x00, 0xff, 0x01, 0x00, 0x01, 0x00, 0x00, 0x00, 0xc0, 0xff, 0x0f, 0x00, 0x07, 0x00,
    0x00, 0x00, 0xf0, 0xff, 0x3f, 0x00, 0x0f, 0x00, 0x00, 0x00, 0xfc, 0xff, 0x7f, 0x00, 0x3f, 0x00,
    0x00, 0x00, 0xfe, 0x01, 0xfe, 0x00, 0x3e, 0x00, 0x00, 0x00, 0x7f, 0x00, 0xf8, 0x01, 0x7c, 0x00,
    0x00, 0x80, 0x1f, 0x00, 0xe0, 0x03, 0xf8, 0x00, 0x00, 0x80, 0x0f, 0x00, 0xc0, 0x07, 0xf0, 0x00,
    0x00, 0xc0, 0x07, 0x00, 0x80, 0x07, 0xf0, 0x01, 0x00, 0xe0, 0x03, 0x00, 0x80, 0x0f, 0xe0, 0x01,
    0x00, 0xe0, 0x01, 0x00, 0x00, 0x0f, 0xe0, 0x01, 0x00, 0xe0, 0x01, 0x00, 0x00, 0x0f, 0xc0, 0x03,
    0x00, 0xf0, 0x01, 0x00, 0x00, 0x1e, 0xc0, 0x03, 0x00, 0xf0, 0x00, 0x00, 0x00, 0x1e, 0xc0, 0x03,
    0x00, 0xf0, 0x00, 0x00, 0x00, 0x1e, 0xc0, 0x03, 0x00, 0xf0, 0x00, 0x00, 0x00, 0x1e, 0xc0, 0x03,
    0x00, 0xf0, 0x00, 0x00, 0x00, 0x1e, 0xc0, 0x03, 0x00, 0xf0, 0x00, 0x00, 0x00, 0x1e, 0xc0, 0x03,
    0x00, 0xf0, 0x00, 0x00, 0x00, 0x1e, 0xc0, 0x03, 0x00, 0xf0, 0x00, 0x00, 0x00, 0x1e, 0xc0, 0x03,
    0x00, 0xe0, 0x01, 0x00, 0x00, 0x0f, 0xe0, 0x03, 0x00, 0xe0, 0x01, 0x00, 0x00, 0x0f, 0xe0, 0x01,
    0x00, 0xc0, 0x03, 0x00, 0x80, 0x07, 0xf0, 0x01, 0x00, 0xc0, 0x07, 0x00, 0x80, 0x07, 0xf0, 0x01,
    0x00, 0x80, 0x07, 0x00, 0xc0, 0x03, 0xf8, 0x00, 0x00, 0x00, 0x1f, 0x00, 0xe0, 0x03, 0xfc, 0x00,
    0x00, 0x00, 0x3e, 0x00, 0xf8, 0x01, 0x7e, 0x00, 0x00, 0x00, 0xfc, 0x01, 0xff, 0xc0, 0x3f, 0x00,
    0x00, 0xe0, 0xff, 0xff, 0xff, 0xff, 0x1f, 0x00, 0x00, 0xe0, 0xff, 0xff, 0xff, 0xff, 0x0f, 0x00,
    0x00, 0xe0, 0xff, 0xff, 0xff, 0xff, 0x03, 0x00, 0x00, 0xe0, 0xff, 0xff, 0xff, 0x3f, 0x00, 0x00,
    0x00, 0x00, 0x00, 0x00, 0x00, 0x00, 0x00, 0x00, 0x00, 0x00, 0x00, 0x00, 0x00, 0x00, 0x00, 0x00,
    0x00, 0x00, 0x00, 0x00, 0x00, 0x00, 0x00, 0x00, 0x00, 0x00, 0x00, 0x00, 0x00, 0x00, 0x00, 0x00,
    0x00, 0x00, 0x00, 0x00, 0x00, 0x00, 0x00, 0x00, 0x00, 0x00, 0x00, 0x00, 0x00, 0x00, 0x00, 0x00,
    0x00, 0x00, 0x00, 0x00, 0x00, 0x00, 0x00, 0x00, 0xfe, 0xff, 0xff, 0xff, 0xff, 0x1f, 0x00, 0x00,
    0xfe, 0xff, 0xff, 0xff, 0xff, 0x1f, 0x00, 0x00, 0xfe, 0xff, 0xff, 0xff, 0xff, 0x1f, 0x00, 0x00,
    0xfe, 0xff, 0xff, 0xff, 0xff, 0x1f, 0x00, 0x00, 0x00, 0x00, 0xfc, 0x01, 0x00, 0x00, 0x00, 0x00,
    0x00, 0x00, 0x3e, 0x00, 0x00, 0x00, 0x00, 0x00, 0x00, 0x00, 0x0f, 0x00, 0x00, 0x00, 0x00, 0x00,
    0x00, 0x80, 0x07, 0x00, 0x00, 0x00, 0x00, 0x00, 0x00, 0xc0, 0x03, 0x00, 0x00, 0x00, 0x00, 0x00,
    0x00, 0xc0, 0x03, 0x00, 0x00, 0x00, 0x00, 0x00, 0x00, 0xe0, 0x01, 0x00, 0x00, 0x00, 0x00, 0x00,
    0x00, 0xe0, 0x01, 0x00, 0x00, 0x00, 0x00, 0x00, 0x00, 0xf0, 0x00, 0x00, 0x00, 0x00, 0x00, 0x00,
    0x00, 0xf0, 0x00, 0x00, 0x00, 0x00, 0x00, 0x00, 0x00, 0xf0, 0x00, 0x00, 0x00, 0x00, 0x00, 0x00,
    0x00, 0xf0, 0x00, 0x00, 0x00, 0x00, 0x00, 0x00, 0x00, 0xf0, 0x00, 0x00, 0x00, 0x00, 0x00, 0x00,
    0x00, 0xf0, 0x00, 0x00, 0x00, 0x00, 0x00, 0x00, 0x00, 0xf0, 0x01, 0x00, 0x00, 0x00, 0x00, 0x00,
    0x00, 0xe0, 0x01, 0x00, 0x00, 0x00, 0x00, 0x00, 0x00, 0xe0, 0x03, 0x00, 0x00, 0x00, 0x00, 0x00,
    0x00, 0xc0, 0x0f, 0x00, 0x00, 0x00, 0x00, 0x00, 0x00, 0xc0, 0x3f, 0x00, 0x00, 0x00, 0x00, 0x00,
    0x00, 0x80, 0xff, 0xff, 0xff, 0x1f, 0x00, 0x00, 0x00, 0x00, 0xfe, 0xff, 0xff, 0x1f, 0x00, 0x00,
    0x00, 0x00, 0xfc, 0xff, 0xff, 0x1f, 0x00, 0x00, 0x00, 0x00, 0xc0, 0xff, 0xff, 0x1f, 0x00, 0x00,
    0x00, 0x00, 0x00, 0x00, 0x00, 0x00, 0x00, 0x00, 0x00, 0x00, 0x00, 0x00, 0x00, 0x00, 0x00, 0x00,
    0x00, 0x00, 0x00, 0x00, 0x00, 0x00, 0x00, 0x00, 0x00, 0x00, 0x00, 0x00, 0x00, 0x00, 0x00, 0x00,
    0x1c, 0x00, 0x00, 0x00, 0x00, 0x00, 0x00, 0x00, 0x7f, 0xe0, 0xff, 0xff, 0xff, 0x1f, 0x00, 0x00,
    0x7f, 0xe0, 0xff, 0xff, 0xff, 0x1f, 0x00, 0x00, 0x7f, 0xe0, 0xff, 0xff, 0xff, 0x1f, 0x00, 0x00,
    0x7f, 0xe0, 0xff, 0xff, 0xff, 0x1f, 0x00, 0x00, 0x1c, 0x00, 0x00, 0x00, 0x00, 0x00, 0x00, 0x00,
    0x00, 0x00, 0x00, 0x00, 0x00, 0x00, 0xe0, 0x01, 0x00, 0x00, 0x00, 0x00, 0x00, 0x00, 0xc0, 0x03,
    0x00, 0x00, 0x00, 0x00, 0x00, 0x00, 0xc0, 0x03, 0x00, 0x00, 0x00, 0x00, 0x00, 0x00, 0xc0, 0x03,
    0x00, 0x00, 0x00, 0x00, 0x00, 0x00, 0xc0, 0x03, 0x1c, 0x00, 0x00, 0x00, 0x00, 0x00, 0xe0, 0x03,
    0x7f, 0xe0, 0xff, 0xff, 0xff, 0xff, 0xff, 0x03, 0x7f, 0xe0, 0xff, 0xff, 0xff, 0xff, 0xff, 0x01,
    0x7f, 0xe0, 0xff, 0xff, 0xff, 0xff, 0xff, 0x00, 0x7f, 0xe0, 0xff, 0xff, 0xff, 0xff, 0x3f, 0x00,
    0x1c, 0x00, 0x00, 0x00, 0x00, 0x00, 0x00, 0x00, 0x00, 0x00, 0x00, 0x00, 0x00, 0x00, 0x00, 0x00,
    0x00, 0x00, 0x00, 0x00, 0x00, 0x00, 0x00, 0x00, 0x00, 0x00, 0x00, 0x00, 0x00, 0x00, 0x00, 0x00,
    0x00, 0x00, 0x00, 0x00, 0x00, 0x00, 0x00, 0x00, 0x00, 0x00, 0x00, 0x00, 0x00, 0x00, 0x00, 0x00,
    0x00, 0x00, 0x00, 0x00, 0x00, 0x00, 0x00, 0x00, 0x00, 0x00, 0x00, 0x00, 0x00, 0x00, 0x00, 0x00,
    0xfe, 0xff, 0xff, 0xff, 0xff, 0x1f, 0x00, 0x00, 0xfe, 0xff, 0xff, 0xff, 0xff, 0x1f, 0x00, 0x00,
    0xfe, 0xff, 0xff, 0xff, 0xff, 0x1f, 0x00, 0x00, 0xfe, 0xff, 0xff, 0xff, 0xff, 0x1f, 0x00, 0x00,
    0x00, 0x00, 0x00, 0x3e, 0x00, 0x00, 0x00, 0x00, 0x00, 0x00, 0x00, 0x7e, 0x00, 0x00, 0x00, 0x00,
    0x00, 0x00, 0x00, 0xff, 0x00, 0x00, 0x00, 0x00, 0x00, 0x00, 0x80, 0xff, 0x01, 0x00, 0x00, 0x00,
    0x00, 0x00, 0xc0, 0xe7, 0x03, 0x00, 0x00, 0x00, 0x00, 0x00, 0xe0, 0xc3, 0x07, 0x00, 0x00, 0x00,
    0x00, 0x00, 0xf0, 0x81, 0x0f, 0x00, 0x00, 0x00, 0x00, 0x00, 0xf8, 0x00, 0x1f, 0x00, 0x00, 0x00,
    0x00, 0x00, 0x7c, 0x00, 0x3e, 0x00, 0x00, 0x00, 0x00, 0x00, 0x3e, 0x00, 0x7c, 0x00, 0x00, 0x00,
    0x00, 0x00, 0x3f, 0x00, 0xf8, 0x00, 0x00, 0x00, 0x00, 0x00, 0x1f, 0x00, 0xf0, 0x01, 0x00, 0x00,
    0x00, 0x80, 0x0f, 0x00, 0xe0, 0x03, 0x00, 0x00, 0x00, 0xc0, 0x07, 0x00, 0xc0, 0x07, 0x00, 0x00,
    0x00, 0xe0, 0x03, 0x00, 0x80, 0x0f, 0x00, 0x00, 0x00, 0xe0, 0x01, 0x00, 0x00, 0x1f, 0x00, 0x00,
    0x00, 0xe0, 0x00, 0x00, 0x00, 0x1e, 0x00, 0x00, 0x00, 0x60, 0x00, 0x00, 0x00, 0x1c, 0x00, 0x00,
    0x00, 0x20, 0x00, 0x00, 0x00, 0x18, 0x00, 0x00, 0x00, 0x00, 0x00, 0x00, 0x00, 0x10, 0x00, 0x00,
    0x00, 0x00, 0x00, 0x00, 0x00, 0x10, 0x00, 0x00, 0x00, 0x00, 0x00, 0x00, 0x00, 0x00, 0x00, 0x00,
    0x00, 0x00, 0x00, 0x00, 0x00, 0x00, 0x00, 0x00, 0x00, 0x00, 0x00, 0x00, 0x00, 0x00, 0x00, 0x00,
    0x00, 0x00, 0x00, 0x00, 0x00, 0x00, 0x00, 0x00, 0x00, 0x00, 0x00, 0x00, 0x00, 0x00, 0x00, 0x00,
    0x00, 0x00, 0x00, 0x00, 0x00, 0x00, 0x00, 0x00, 0x00, 0x00, 0x00, 0x00, 0x00, 0x00, 0x00, 0x00,
    0xfe, 0xff, 0xff, 0xff, 0xff, 0x1f, 0x00, 0x00, 0xfe, 0xff, 0xff, 0xff, 0xff, 0x1f, 0x00, 0x00,
    0xfe, 0xff, 0xff, 0xff, 0xff, 0x1f, 0x00, 0x00, 0xfe, 0xff, 0xff, 0xff, 0xff, 0x1f, 0x00, 0x00,
    0x00, 0x00, 0x00, 0x00, 0x00, 0x00, 0x00, 0x00, 0x00, 0x00, 0x00, 0x00, 0x00, 0x00, 0x00, 0x00,
    0x00, 0x00, 0x00, 0x00, 0x00, 0x00, 0x00, 0x00, 0x00, 0x00, 0x00, 0x00, 0x00, 0x00, 0x00, 0x00,
    0x00, 0x00, 0x00, 0x00, 0x00, 0x00, 0x00, 0x00, 0x00, 0x00, 0x00, 0x00, 0x00, 0x00, 0x00, 0x00,
    0x00, 0x00, 0x00, 0x00, 0x00, 0x00, 0x00, 0x00, 0x00, 0xe0, 0xff, 0xff, 0xff, 0x1f, 0x00, 0x00,
    0x00, 0xe0, 0xff, 0xff, 0xff, 0x1f, 0x00, 0x00, 0x00, 0xe0, 0xff, 0xff, 0xff, 0x1f, 0x00, 0x00,
    0x00, 0xe0, 0xff, 0xff, 0xff, 0x1f, 0x00, 0x00, 0x00, 0x00, 0xfc, 0x01, 0x00, 0x00, 0x00, 0x00,
    0x00, 0x00, 0x3e, 0x00, 0x00, 0x00, 0x00, 0x00, 0x00, 0x00, 0x0f, 0x00, 0x00, 0x00, 0x00, 0x00,
    0x00, 0x80, 0x07, 0x00, 0x00, 0x00, 0x00, 0x00, 0x00, 0xc0, 0x03, 0x00, 0x00, 0x00, 0x00, 0x00,
    0x00, 0xe0, 0x01, 0x00, 0x00, 0x00, 0x00, 0x00, 0x00, 0xe0, 0x01, 0x00, 0x00, 0x00, 0x00, 0x00,
    0x00, 0xe0, 0x00, 0x00, 0x00, 0x00, 0x00, 0x00, 0x00, 0xf0, 0x00, 0x00, 0x00, 0x00, 0x00, 0x00,
    0x00, 0xf0, 0x00, 0x00, 0x00, 0x00, 0x00, 0x00, 0x00, 0xf0, 0x00, 0x00, 0x00, 0x00, 0x00, 0x00,
    0x00, 0xf0, 0x00, 0x00, 0x00, 0x00, 0x00, 0x00, 0x00, 0xf0, 0x00, 0x00, 0x00, 0x00, 0x00, 0x00,
    0x00, 0xf0, 0x01, 0x00, 0x00, 0x00, 0x00, 0x00, 0x00, 0xe0, 0x01, 0x00, 0x00, 0x00, 0x00, 0x00,
    0x00, 0xe0, 0x03, 0x00, 0x00, 0x00, 0x00, 0x00, 0x00, 0xe0, 0x07, 0x00, 0x00, 0x00, 0x00, 0x00,
    0x00, 0xc0, 0x3f, 0x00, 0x00, 0x00, 0x00, 0x00, 0x00, 0x80, 0xff, 0xff, 0xff, 0x1f, 0x00, 0x00,
    0x00, 0x00, 0xff, 0xff, 0xff, 0x1f, 0x00, 0x00, 0x00, 0x00, 0xfc, 0xff, 0xff, 0x1f, 0x00, 0x00,
    0x00, 0x00, 0xf8, 0xff, 0xff, 0x1f, 0x00, 0x00, 0x00, 0x00, 0xfc, 0x01, 0x00, 0x00, 0x00, 0x00,
    0x00, 0x00, 0x3f, 0x00, 0x00, 0x00, 0x00, 0x00, 0x00, 0x80, 0x0f, 0x00, 0x00, 0x00, 0x00, 0x00,
    0x00, 0x80, 0x07, 0x00, 0x00, 0x00, 0x00, 0x00, 0x00, 0xc0, 0x03, 0x00, 0x00, 0x00, 0x00, 0x00,
    0x00, 0xe0, 0x01, 0x00, 0x00, 0x00, 0x00, 0x00, 0x00, 0xe0, 0x01, 0x00, 0x00, 0x00, 0x00, 0x00,
    0x00, 0xe0, 0x00, 0x00, 0x00, 0x00, 0x00, 0x00, 0x00, 0xf0, 0x00, 0x00, 0x00, 0x00, 0x00, 0x00,
    0x00, 0xf0, 0x00, 0x00, 0x00, 0x00, 0x00, 0x00, 0x00, 0xf0, 0x00, 0x00, 0x00, 0x00, 0x00, 0x00,
    0x00, 0xf0, 0x00, 0x00, 0x00, 0x00, 0x00, 0x00, 0x00, 0xf0, 0x00, 0x00, 0x00, 0x00, 0x00, 0x00,
    0x00, 0xf0, 0x01, 0x00, 0x00, 0x00, 0x00, 0x00, 0x00, 0xf0, 0x01, 0x00, 0x00, 0x00, 0x00, 0x00,
    0x00, 0xe0, 0x03, 0x00, 0x00, 0x00, 0x00, 0x00, 0x00, 0xe0, 0x07, 0x00, 0x00, 0x00, 0x00, 0x00,
    0x00, 0xc0, 0x1f, 0x00, 0x00, 0x00, 0x00, 0x00, 0x00, 0x80, 0xff, 0xff, 0xff, 0x1f, 0x00, 0x00,
    0x00, 0x00, 0xff, 0xff, 0xff, 0x1f, 0x00, 0x00, 0x00, 0x00, 0xfc, 0xff, 0xff, 0x1f, 0x00, 0x00,
    0x00, 0x00, 0xe0, 0xff, 0xff, 0x1f, 0x00, 0x00, 0x00, 0x00, 0x00, 0x00, 0x00, 0x00, 0x00, 0x00,
    0x00, 0x00, 0x00, 0x00, 0x00, 0x00, 0x00, 0x00, 0x00, 0x00, 0x00, 0x00, 0x00, 0x00, 0x00, 0x00,
    0x00, 0x00, 0x00, 0x00, 0x00, 0x00, 0x00, 0x00, 0x00, 0x00, 0x00, 0x00, 0x00, 0x00, 0x00, 0x00,
    0x00, 0x00, 0x00, 0x00, 0x00, 0x00, 0x00, 0x00, 0x00, 0x00, 0x00, 0x00, 0x00, 0x00, 0x00, 0x00,
    0x00, 0xe0, 0xff, 0xff, 0xff, 0x1f, 0x00, 0x00, 0x00, 0xe0, 0xff, 0xff, 0xff, 0x1f, 0x00, 0x00,
    0x00, 0xe0, 0xff, 0xff, 0xff, 0x1f, 0x00, 0x00, 0x00, 0xe0, 0xff, 0xff, 0xff, 0x1f, 0x00, 0x00,
    0x00, 0x00, 0xfc, 0x01, 0x00, 0x00, 0x00, 0x00, 0x00, 0x00, 0x3e, 0x00, 0x00, 0x00, 0x00, 0x00,
    0x00, 0x00, 0x0f, 0x00, 0x00, 0x00, 0x00, 0x00, 0x00, 0x80, 0x07, 0x00, 0x00, 0x00, 0x00, 0x00,
    0x00, 0xc0, 0x03, 0x00, 0x00, 0x00, 0x00, 0x00, 0x00, 0xc0, 0x03, 0x00, 0x00, 0x00, 0x00, 0x00,
    0x00, 0xe0, 0x01, 0x00, 0x00, 0x00, 0x00, 0x00, 0x00, 0xe0, 0x01, 0x00, 0x00, 0x00, 0x00, 0x00,
    0x00, 0xf0, 0x00, 0x00, 0x00, 0x00, 0x00, 0x00, 0x00, 0xf0, 0x00, 0x00, 0x00, 0x00, 0x00, 0x00,
    0x00, 0xf0, 0x00, 0x00, 0x00, 0x00, 0x00, 0x00, 0x00, 0xf0, 0x00, 0x00, 0x00, 0x00, 0x00, 0x00,
    0x00, 0xf0, 0x00, 0x00, 0x00, 0x00, 0x00, 0x00, 0x00, 0xf0, 0x00, 0x00, 0x00, 0x00, 0x00, 0x00,
    0x00, 0xf0, 0x01, 0x00, 0x00, 0x00, 0x00, 0x00, 0x00, 0xe0, 0x01, 0x00, 0x00, 0x00, 0x00, 0x00,
    0x00, 0xe0, 0x03, 0x00, 0x00, 0x00, 0x00, 0x00, 0x00, 0xc0, 0x07, 0x00, 0x00, 0x00, 0x00, 0x00,
    0x00, 0xc0, 0x3f, 0x00, 0x00, 0x00, 0x00, 0x00, 0x00, 0x80, 0xff, 0xff, 0xff, 0x1f, 0x00, 0x00,
    0x00, 0x00, 0xfe, 0xff, 0xff, 0x1f, 0x00, 0x00, 0x00, 0x00, 0xfc, 0xff, 0xff, 0x1f, 0x00, 0x00,
    0x00, 0x00, 0xc0, 0xff, 0xff, 0x1f, 0x00, 0x00, 0x00, 0x00, 0x00, 0x00, 0x00, 0x00, 0x00, 0x00,
    0x00, 0x00, 0x00, 0x00, 0x00, 0x00, 0x00, 0x00, 0x00, 0x00, 0x00, 0x00, 0x00, 0x00, 0x00, 0x00,
    0x00, 0x00, 0x00, 0x00, 0x00, 0x00, 0x00, 0x00, 0x00, 0x00, 0x00, 0x00, 0x00, 0x00, 0x00, 0x00,
    0x00, 0x00, 0x00, 0xfe, 0x01, 0x00, 0x00, 0x00, 0x00, 0x00, 0xc0, 0xff, 0x0f, 0x00, 0x00, 0x00,
    0x00, 0x00, 0xf0, 0xff, 0x3f, 0x00, 0x00, 0x00, 0x00, 0x00, 0xfc, 0xff, 0xff, 0x00, 0x00, 0x00,
    0x00, 0x00, 0xfe, 0x01, 0xfe, 0x01, 0x00, 0x00, 0x00, 0x00, 0x7f, 0x00, 0xf8, 0x03, 0x00, 0x00,
    0x00, 0x80, 0x1f, 0x00, 0xe0, 0x07, 0x00, 0x00, 0x00, 0x80, 0x0f, 0x00, 0xc0, 0x07, 0x00, 0x00,
    0x00, 0xc0, 0x07, 0x00, 0x80, 0x0f, 0x00, 0x00, 0x00, 0xe0, 0x03, 0x00, 0x00, 0x1f, 0x00, 0x00,
    0x00, 0xe0, 0x03, 0x00, 0x00, 0x1e, 0x00, 0x00, 0x00, 0xe0, 0x01, 0x00, 0x00, 0x1e, 0x00, 0x00,
    0x00, 0xf0, 0x01, 0x00, 0x00, 0x3e, 0x00, 0x00, 0x00, 0xf0, 0x00, 0x00, 0x00, 0x3c, 0x00, 0x00,
    0x00, 0xf0, 0x00, 0x00, 0x00, 0x3c, 0x00, 0x00, 0x00, 0xf0, 0x00, 0x00, 0x00, 0x3c, 0x00, 0x00,
    0x00, 0xf0, 0x00, 0x00, 0x00, 0x3c, 0x00, 0x00, 0x00, 0xf0, 0x00, 0x00, 0x00, 0x3c, 0x00, 0x00,
    0x00, 0xf0, 0x00, 0x00, 0x00, 0x3c, 0x00, 0x00, 0x00, 0xf0, 0x00, 0x00, 0x00, 0x3c, 0x00, 0x00,
    0x00, 0xf0, 0x01, 0x00, 0x00, 0x3e, 0x00, 0x00, 0x00, 0xe0, 0x01, 0x00, 0x00, 0x1e, 0x00, 0x00,
    0x00, 0xe0, 0x03, 0x00, 0x00, 0x1e, 0x00, 0x00, 0x00, 0xe0, 0x03, 0x00, 0x00, 0x1f, 0x00, 0x00,
    0x00, 0xc0, 0x07, 0x00, 0x80, 0x0f, 0x00, 0x00, 0x00, 0x80, 0x0f, 0x00, 0xc0, 0x07, 0x00, 0x00,
    0x00, 0x80, 0x1f, 0x00, 0xe0, 0x07, 0x00, 0x00, 0x00, 0x00, 0x7f, 0x00, 0xf8, 0x03, 0x00, 0x00,
    0x00, 0x00, 0xfe, 0x01, 0xfe, 0x01, 0x00, 0x00, 0x00, 0x00, 0xfc, 0xff, 0xff, 0x00, 0x00, 0x00,
    0x00, 0x00, 0xf0, 0xff, 0x3f, 0x00, 0x00, 0x00, 0x00, 0x00, 0xc0, 0xff, 0x0f, 0x00, 0x00, 0x00,
    0x00, 0x00, 0x00, 0xfe, 0x01, 0x00, 0x00, 0x00, 0x00, 0x00, 0x00, 0x00, 0x00, 0x00, 0x00, 0x00,
    0x00, 0x00, 0x00, 0x00, 0x00, 0x00, 0x00, 0x00, 0x00, 0x00, 0x00, 0x00, 0x00, 0x00, 0x00, 0x00,
    0x00, 0x00, 0x00, 0x00, 0x00, 0x00, 0x00, 0x00, 0x00, 0x00, 0x00, 0x00, 0x00, 0x00, 0x00, 0x00,
    0x00, 0x00, 0x00, 0x00, 0x00, 0x00, 0x00, 0x00, 0x00, 0x00, 0x00, 0x00, 0x00, 0x00, 0x00, 0x00,
    0x00, 0xe0, 0xff, 0xff, 0xff, 0xff, 0xff, 0x01, 0x00, 0xe0, 0xff, 0xff, 0xff, 0xff, 0xff, 0x01,
    0x00, 0xe0, 0xff, 0xff, 0xff, 0xff, 0xff, 0x01, 0x00, 0xe0, 0xff, 0xff, 0xff, 0xff, 0xff, 0x01,
    0x00, 0x00, 0xfc, 0x01, 0xfe, 0x00, 0x00, 0x00, 0x00, 0x00, 0x7e, 0x00, 0xf8, 0x01, 0x00, 0x00,
    0x00, 0x00, 0x1f, 0x00, 0xe0, 0x03, 0x00, 0x00, 0x00, 0x80, 0x0f, 0x00, 0xc0, 0x07, 0x00, 0x00,
    0x00, 0xc0, 0x07, 0x00, 0x80, 0x0f, 0x00, 0x00, 0x00, 0xc0, 0x03, 0x00, 0x00, 0x0f, 0x00, 0x00,
    0x00, 0xe0, 0x03, 0x00, 0x00, 0x1f, 0x00, 0x00, 0x00, 0xe0, 0x01, 0x00, 0x00, 0x1e, 0x00, 0x00,
    0x00, 0xe0, 0x01, 0x00, 0x00, 0x1e, 0x00, 0x00, 0x00, 0xf0, 0x00, 0x00, 0x00, 0x3c, 0x00, 0x00,
    0x00, 0xf0, 0x00, 0x00, 0x00, 0x3c, 0x00, 0x00, 0x00, 0xf0, 0x00, 0x00, 0x00, 0x3c, 0x00, 0x00,
    0x00, 0xf0, 0x00, 0x00, 0x00, 0x3c, 0x00, 0x00, 0x00, 0xf0, 0x00, 0x00, 0x00, 0x3c, 0x00, 0x00,
    0x00, 0xf0, 0x00, 0x00, 0x00, 0x3c, 0x00, 0x00, 0x00, 0xf0, 0x00, 0x00, 0x00, 0x3c, 0x00, 0x00,
    0x00, 0xf0, 0x01, 0x00, 0x00, 0x3e, 0x00, 0x00, 0x00, 0xe0, 0x01, 0x00, 0x00, 0x1e, 0x00, 0x00,
    0x00, 0xe0, 0x03, 0x00, 0x00, 0x1f, 0x00, 0x00, 0x00, 0xc0, 0x03, 0x00, 0x00, 0x0f, 0x00, 0x00,
    0x00, 0xc0, 0x07, 0x00, 0x80, 0x0f, 0x00, 0x00, 0x00, 0x80, 0x0f, 0x00, 0xc0, 0x07, 0x00, 0x00,
    0x00, 0x80, 0x1f, 0x00, 0xe0, 0x07, 0x00, 0x00, 0x00, 0x00, 0x7f, 0x00, 0xf8, 0x03, 0x00, 0x00,
    0x00, 0x00, 0xfe, 0x01, 0xff, 0x01, 0x00, 0x00, 0x00, 0x00, 0xfc, 0xff, 0xff, 0x00, 0x00, 0x00,
    0x00, 0x00, 0xf0, 0xff, 0x3f, 0x00, 0x00, 0x00, 0x00, 0x00, 0xc0, 0xff, 0x0f, 0x00, 0x00, 0x00,
    0x00, 0x00, 0x00, 0xfe, 0x01, 0x00, 0x00, 0x00, 0x00, 0x00, 0x00, 0x00, 0x00, 0x00, 0x00, 0x00,
    0x00, 0x00, 0x00, 0x00, 0x00, 0x00, 0x00, 0x00, 0x00, 0x00, 0x00, 0x00, 0x00, 0x00, 0x00, 0x00,
    0x00, 0x00, 0x00, 0x00, 0x00, 0x00, 0x00, 0x00, 0x00, 0x00, 0x00, 0x00, 0x00, 0x00, 0x00, 0x00,
    0x00, 0x00, 0x00, 0xfe, 0x01, 0x00, 0x00, 0x00, 0x00, 0x00, 0xc0, 0xff, 0x0f, 0x00, 0x00, 0x00,
    0x00, 0x00, 0xf0, 0xff, 0x3f, 0x00, 0x00, 0x00, 0x00, 0x00, 0xfc, 0xff, 0xff, 0x00, 0x00, 0x00,
    0x00, 0x00, 0xfe, 0x01, 0xfe, 0x01, 0x00, 0x00, 0x00, 0x00, 0x7f, 0x00, 0xf8, 0x03, 0x00, 0x00,
    0x00, 0x80, 0x1f, 0x00, 0xe0, 0x07, 0x00, 0x00, 0x00, 0x80, 0x0f, 0x00, 0xc0, 0x07, 0x00, 0x00,
    0x00, 0xc0, 0x07, 0x00, 0x80, 0x0f, 0x00, 0x00, 0x00, 0xc0, 0x03, 0x00, 0x00, 0x1f, 0x00, 0x00,
    0x00, 0xe0, 0x03, 0x00, 0x00, 0x1f, 0x00, 0x00, 0x00, 0xe0, 0x01, 0x00, 0x00, 0x1e, 0x00, 0x00,
    0x00, 0xf0, 0x01, 0x00, 0x00, 0x3e, 0x00, 0x00, 0x00, 0xf0, 0x00, 0x00, 0x00, 0x3c, 0x00, 0x00,
    0x00, 0xf0, 0x00, 0x00, 0x00, 0x3c, 0x00, 0x00, 0x00, 0xf0, 0x00, 0x00, 0x00, 0x3c, 0x00, 0x00,
    0x00, 0xf0, 0x00, 0x00, 0x00, 0x3c, 0x00, 0x00, 0x00, 0xf0, 0x00, 0x00, 0x00, 0x3c, 0x00, 0x00,
    0x00, 0xf0, 0x00, 0x00, 0x00, 0x3c, 0x00, 0x00, 0x00, 0xf0, 0x00, 0x00, 0x00, 0x3c, 0x00, 0x00,
    0x00, 0xe0, 0x01, 0x00, 0x00, 0x1e, 0x00, 0x00, 0x00, 0xe0, 0x01, 0x00, 0x00, 0x1e, 0x00, 0x00,
    0x00, 0xe0, 0x03, 0x00, 0x00, 0x1f, 0x00, 0x00, 0x00, 0xc0, 0x03, 0x00, 0x00, 0x0f, 0x00, 0x00,
    0x00, 0xc0, 0x07, 0x00, 0x80, 0x0f, 0x00, 0x00, 0x00, 0x80, 0x0f, 0x00, 0xc0, 0x07, 0x00, 0x00,
    0x00, 0x00, 0x1f, 0x00, 0xe0, 0x03, 0x00, 0x00, 0x00, 0x00, 0x7e, 0x00, 0xf8, 0x01, 0x00, 0x00,
    0x00, 0x00, 0xfc, 0x01, 0xfe, 0x00, 0x00, 0x00, 0x00, 0xe0, 0xff, 0xff, 0xff, 0xff, 0xff, 0x01,
    0x00, 0xe0, 0xff, 0xff, 0xff, 0xff, 0xff, 0x01, 0x00, 0xe0, 0xff, 0xff, 0xff, 0xff, 0xff, 0x01,
    0x00, 0xe0, 0xff, 0xff, 0xff, 0xff, 0xff, 0x01, 0x00, 0x00, 0x00, 0x00, 0x00, 0x00, 0x00, 0x00,
    0x00, 0x00, 0x00, 0x00, 0x00, 0x00, 0x00, 0x00, 0x00, 0x00, 0x00, 0x00, 0x00, 0x00, 0x00, 0x00,
    0x00, 0x00, 0x00, 0x00, 0x00, 0x00, 0x00, 0x00, 0x00, 0x00, 0x00, 0x00, 0x00, 0x00, 0x00, 0x00,
    0x00, 0xe0, 0xff, 0xff, 0xff, 0x1f, 0x00, 0x00, 0x00, 0xe0, 0xff, 0xff, 0xff, 0x1f, 0x00, 0x00,
    0x00, 0xe0, 0xff, 0xff, 0xff, 0x1f, 0x00, 0x00, 0x00, 0xe0, 0xff, 0xff, 0xff, 0x1f, 0x00, 0x00,
    0x00, 0x00, 0xfe, 0x00, 0x00, 0x00, 0x00, 0x00, 0x00, 0x00, 0x1f, 0x00, 0x00, 0x00, 0x00, 0x00,
    0x00, 0x80, 0x07, 0x00, 0x00, 0x00, 0x00, 0x00, 0x00, 0xc0, 0x03, 0x00, 0x00, 0x00, 0x00, 0x00,
    0x00, 0xe0, 0x01, 0x00, 0x00, 0x00, 0x00, 0x00, 0x00, 0xe0, 0x01, 0x00, 0x00, 0x00, 0x00, 0x00,
    0x00, 0xf0, 0x00, 0x00, 0x00, 0x00, 0x00, 0x00, 0x00, 0xf0, 0x00, 0x00, 0x00, 0x00, 0x00, 0x00,
    0x00, 0xf0, 0x00, 0x00, 0x00, 0x00, 0x00, 0x00, 0x00, 0xf0, 0x00, 0x00, 0x00, 0x00, 0x00, 0x00,
    0x00, 0xf0, 0x00, 0x00, 0x00, 0x00, 0x00, 0x00, 0x00, 0x20, 0x00, 0x00, 0x00, 0x00, 0x00, 0x00,
    0x00, 0x00, 0x00, 0x00, 0x00, 0x00, 0x00, 0x00, 0x00, 0x00, 0x00, 0x00, 0x00, 0x00, 0x00, 0x00,
    0x00, 0x00, 0x00, 0x00, 0x00, 0x00, 0x00, 0x00, 0x00, 0x00, 0x00, 0x00, 0x00, 0x00, 0x00, 0x00,
    0x00, 0x00, 0x00, 0x00, 0x00, 0x03, 0x00, 0x00, 0x00, 0x00, 0xfe, 0x00, 0x80, 0x07, 0x00, 0x00,
    0x00, 0x80, 0xff, 0x03, 0xc0, 0x0f, 0x00, 0x00, 0x00, 0xc0, 0xff, 0x07, 0x80, 0x0f, 0x00, 0x00,
    0x00, 0xe0, 0xff, 0x0f, 0x00, 0x1f, 0x00, 0x00, 0x00, 0xe0, 0xc3, 0x1f, 0x00, 0x1e, 0x00, 0x00,
    0x00, 0xf0, 0x01, 0x1f, 0x00, 0x3c, 0x00, 0x00, 0x00, 0xf0, 0x00, 0x3e, 0x00, 0x3c, 0x00, 0x00,
    0x00, 0xf0, 0x00, 0x3e, 0x00, 0x3c, 0x00, 0x00, 0x00, 0xf0, 0x00, 0x7c, 0x00, 0x3c, 0x00, 0x00,
    0x00, 0xf0, 0x00, 0xf8, 0x00, 0x3c, 0x00, 0x00, 0x00, 0xf0, 0x01, 0xf8, 0x00, 0x3e, 0x00, 0x00,
    0x00, 0xe0, 0x01, 0xf0, 0x01, 0x1f, 0x00, 0x00, 0x00, 0xe0, 0x03, 0xe0, 0x83, 0x1f, 0x00, 0x00,
    0x00, 0xc0, 0x07, 0xe0, 0xff, 0x0f, 0x00, 0x00, 0x00, 0x80, 0x0f, 0xc0, 0xff, 0x07, 0x00, 0x00,
    0x00, 0x00, 0x07, 0x80, 0xff, 0x03, 0x00, 0x00, 0x00, 0x00, 0x02, 0x00, 0xfe, 0x00, 0x00, 0x00,
    0x00, 0x00, 0x00, 0x00, 0x00, 0x00, 0x00, 0x00, 0x00, 0x00, 0x00, 0x00, 0x00, 0x00, 0x00, 0x00,
    0x00, 0x00, 0x00, 0x00, 0x00, 0x00, 0x00, 0x00, 0x00, 0x00, 0x00, 0x00, 0x00, 0x00, 0x00, 0x00,
    0x00, 0x00, 0x00, 0x00, 0x00, 0x00, 0x00, 0x00, 0x00, 0xe0, 0x01, 0x00, 0x00, 0x00, 0x00, 0x00,
    0x00, 0xe0, 0x01, 0x00, 0x00, 0x00, 0x00, 0x00, 0x00, 0xe0, 0x01, 0x00, 0x00, 0x00, 0x00, 0x00,
    0x00, 0xe0, 0x01, 0x00, 0x00, 0x00, 0x00, 0x00, 0x00, 0xe0, 0x01, 0x00, 0x00, 0x00, 0x00, 0x00,
    0x00, 0xe0, 0x01, 0x00, 0x00, 0x00, 0x00, 0x00, 0xfe, 0xff, 0xff, 0xff, 0xff, 0x1f, 0x00, 0x00,
    0xfe, 0xff, 0xff, 0xff, 0xff, 0x1f, 0x00, 0x00, 0xfe, 0xff, 0xff, 0xff, 0xff, 0x1f, 0x00, 0x00,
    0xfe, 0xff, 0xff, 0xff, 0xff, 0x1f, 0x00, 0x00, 0x00, 0xe0, 0x01, 0x00, 0x00, 0x00, 0x00, 0x00,
    0x00, 0xe0, 0x01, 0x00, 0x00, 0x00, 0x00, 0x00, 0x00, 0xe0, 0x01, 0x00, 0x00, 0x00, 0x00, 0x00,
    0x00, 0xe0, 0x01, 0x00, 0x00, 0x00, 0x00, 0x00, 0x00, 0xe0, 0x01, 0x00, 0x00, 0x00, 0x00, 0x00,
    0x00, 0xe0, 0x01, 0x00, 0x00, 0x00, 0x00, 0x00, 0x00, 0x00, 0x00, 0x00, 0x00, 0x00, 0x00, 0x00,
    0x00, 0x00, 0x00, 0x00, 0x00, 0x00, 0x00, 0x00, 0x00, 0x00, 0x00, 0x00, 0x00, 0x00, 0x00, 0x00,
    0x00, 0x00, 0x00, 0x00, 0x00, 0x00, 0x00, 0x00, 0x00, 0x00, 0x00, 0x00, 0x00, 0x00, 0x00, 0x00,
    0x00, 0x00, 0x00, 0x00, 0x00, 0x00, 0x00, 0x00, 0x00, 0x00, 0x00, 0x00, 0x00, 0x00, 0x00, 0x00,
    0x00, 0xe0, 0xff, 0xff, 0x0f, 0x00, 0x00, 0x00, 0x00, 0xe0, 0xff, 0xff, 0x7f, 0x00, 0x00, 0x00,
    0x00, 0xe0, 0xff, 0xff, 0xff, 0x01, 0x00, 0x00, 0x00, 0xe0, 0xff, 0xff, 0xff, 0x03, 0x00, 0x00,
    0x00, 0x00, 0x00, 0x00, 0xf8, 0x07, 0x00, 0x00, 0x00, 0x00, 0x00, 0x00, 0xc0, 0x0f, 0x00, 0x00,
    0x00, 0x00, 0x00, 0x00, 0x80, 0x1f, 0x00, 0x00, 0x00, 0x00, 0x00, 0x00, 0x00, 0x1f, 0x00, 0x00,
    0x00, 0x00, 0x00, 0x00, 0x00, 0x1e, 0x00, 0x00, 0x00, 0x00, 0x00, 0x00, 0x00, 0x3e, 0x00, 0x00,
    0x00, 0x00, 0x00, 0x00, 0x00, 0x3c, 0x00, 0x00, 0x00, 0x00, 0x00, 0x00, 0x00, 0x3c, 0x00, 0x00,
    0x00, 0x00, 0x00, 0x00, 0x00, 0x3c, 0x00, 0x00, 0x00, 0x00, 0x00, 0x00, 0x00, 0x3c, 0x00, 0x00,
    0x00, 0x00, 0x00, 0x00, 0x00, 0x3c, 0x00, 0x00, 0x00, 0x00, 0x00, 0x00, 0x00, 0x3c, 0x00, 0x00,
    0x00, 0x00, 0x00, 0x00, 0x00, 0x3e, 0x00, 0x00, 0x00, 0x00, 0x00, 0x00, 0x00, 0x1e, 0x00, 0x00,
    0x00, 0x00, 0x00, 0x00, 0x00, 0x1f, 0x00, 0x00, 0x00, 0x00, 0x00, 0x00, 0x80, 0x1f, 0x00, 0x00,
    0x00, 0x00, 0x00, 0x00, 0xc0, 0x0f, 0x00, 0x00, 0x00, 0x00, 0x00, 0x00, 0xf0, 0x07, 0x00, 0x00,
    0x00, 0xe0, 0xff, 0xff, 0xff, 0x03, 0x00, 0x00, 0x00, 0xe0, 0xff, 0xff, 0xff, 0x01, 0x00, 0x00,
    0x00, 0xe0, 0xff, 0xff, 0x7f, 0x00, 0x00, 0x00, 0x00, 0xe0, 0xff, 0xff, 0x07, 0x00, 0x00, 0x00,
    0x00, 0x00, 0x00, 0x00, 0x00, 0x00, 0x00, 0x00, 0x00, 0x00, 0x00, 0x00, 0x00, 0x00, 0x00, 0x00,
    0x00, 0x00, 0x00, 0x00, 0x00, 0x00, 0x00, 0x00, 0x00, 0x00, 0x00, 0x00, 0x00, 0x00, 0x00, 0x00,
    0x00, 0x20, 0x00, 0x00, 0x00, 0x00, 0x00, 0x00, 0x00, 0xe0, 0x00, 0x00, 0x00, 0x00, 0x00, 0x00,
    0x00, 0xe0, 0x03, 0x00, 0x00, 0x00, 0x00, 0x00, 0x00, 0xe0, 0x0f, 0x00, 0x00, 0x00, 0x00, 0x00,
    0x00, 0xe0, 0x7f, 0x00, 0x00, 0x00, 0x00, 0x00, 0x00, 0x00, 0xff, 0x01, 0x00, 0x00, 0x00, 0x00,
    0x00, 0x00, 0xfc, 0x07, 0x00, 0x00, 0x00, 0x00, 0x00, 0x00, 0xf0, 0x1f, 0x00, 0x00, 0x00, 0x00,
    0x00, 0x00, 0xc0, 0x7f, 0x00, 0x00, 0x00, 0x00, 0x00, 0x00, 0x00, 0xff, 0x01, 0x00, 0x00, 0x00,
    0x00, 0x00, 0x00, 0xfc, 0x07, 0x00, 0x00, 0x00, 0x00, 0x00, 0x00, 0xf0, 0x3f, 0x00, 0x00, 0x00,
    0x00, 0x00, 0x00, 0xc0, 0xff, 0x00, 0x00, 0x00, 0x00, 0x00, 0x00, 0x00, 0xfe, 0x03, 0x00, 0x00,
    0x00, 0x00, 0x00, 0x00, 0xf8, 0x0f, 0x00, 0x00, 0x00, 0x00, 0x00, 0x00, 0xe0, 0x1f, 0x00, 0x00,
    0x00, 0x00, 0x00, 0x00, 0xf8, 0x0f, 0x00, 0x00, 0x00, 0x00, 0x00, 0x00, 0xfe, 0x03, 0x00, 0x00,
    0x00, 0x00, 0x00, 0xc0, 0xff, 0x00, 0x00, 0x00, 0x00, 0x00, 0x00, 0xf0, 0x3f, 0x00, 0x00, 0x00,
    0x00, 0x00, 0x00, 0xfc, 0x07, 0x00, 0x00, 0x00, 0x00, 0x00, 0x00, 0xff, 0x01, 0x00, 0x00, 0x00,
    0x00, 0x00, 0xc0, 0x7f, 0x00, 0x00, 0x00, 0x00, 0x00, 0x00, 0xf0, 0x1f, 0x00, 0x00, 0x00, 0x00,
    0x00, 0x00, 0xfc, 0x07, 0x00, 0x00, 0x00, 0x00, 0x00, 0x00, 0xff, 0x01, 0x00, 0x00, 0x00, 0x00,
    0x00, 0xe0, 0x7f, 0x00, 0x00, 0x00, 0x00, 0x00, 0x00, 0xe0, 0x0f, 0x00, 0x00, 0x00, 0x00, 0x00,
    0x00, 0xe0, 0x03, 0x00, 0x00, 0x00, 0x00, 0x00, 0x00, 0xe0, 0x00, 0x00, 0x00, 0x00, 0x00, 0x00,
    0x00, 0x20, 0x00, 0x00, 0x00, 0x00, 0x00, 0x00, 0x00, 0x00, 0x00, 0x00, 0x00, 0x00, 0x00, 0x00,
    0x00, 0x00, 0x00, 0x00, 0x00, 0x00, 0x00, 0x00, 0x00, 0x20, 0x00, 0x00, 0x00, 0x00, 0x00, 0x00,
    0x00, 0xe0, 0x01, 0x00, 0x00, 0x00, 0x00, 0x00, 0x00, 0xe0, 0x07, 0x00, 0x00, 0x00, 0x00, 0x00,
    0x00, 0xe0, 0x3f, 0x00, 0x00, 0x00, 0x00, 0x00, 0x00, 0xc0, 0xff, 0x00, 0x00, 0x00, 0x00, 0x00,
    0x00, 0x00, 0xff, 0x07, 0x00, 0x00, 0x00, 0x00, 0x00, 0x00, 0xf8, 0x1f, 0x00, 0x00, 0x00, 0x00,
    0x00, 0x00, 0xe0, 0xff, 0x00, 0x00, 0x00, 0x00, 0x00, 0x00, 0x00, 0xff, 0x03, 0x00, 0x00, 0x00,
    0x00, 0x00, 0x00, 0xfc, 0x1f, 0x00, 0x00, 0x00, 0x00, 0x00, 0x00, 0xe0, 0x7f, 0x00, 0x00, 0x00,
    0x00, 0x00, 0x00, 0x80, 0xff, 0x03, 0x00, 0x00, 0x00, 0x00, 0x00, 0x00, 0xfc, 0x0f, 0x00, 0x00,
    0x00, 0x00, 0x00, 0x00, 0xf0, 0x1f, 0x00, 0x00, 0x00, 0x00, 0x00, 0x00, 0xfc, 0x07, 0x00, 0x00,
    0x00, 0x00, 0x00, 0x00, 0xff, 0x01, 0x00, 0x00, 0x00, 0x00, 0x00, 0xc0, 0x7f, 0x00, 0x00, 0x00,
    0x00, 0x00, 0x00, 0xf8, 0x1f, 0x00, 0x00, 0x00, 0x00, 0x00, 0x00, 0xfe, 0x07, 0x00, 0x00, 0x00,
    0x00, 0x00, 0x80, 0xff, 0x01, 0x00, 0x00, 0x00, 0x00, 0x00, 0xe0, 0x3f, 0x00, 0x00, 0x00, 0x00,
    0x00, 0x00, 0xf8, 0x0f, 0x00, 0x00, 0x00, 0x00, 0x00, 0x00, 0xff, 0x03, 0x00, 0x00, 0x00, 0x00,
    0x00, 0xc0, 0xff, 0x00, 0x00, 0x00, 0x00, 0x00, 0x00, 0xe0, 0x3f, 0x00, 0x00, 0x00, 0x00, 0x00,
    0x00, 0xc0, 0xff, 0x00, 0x00, 0x00, 0x00, 0x00, 0x00, 0x00, 0xff, 0x03, 0x00, 0x00, 0x00, 0x00,
    0x00, 0x00, 0xfc, 0x0f, 0x00, 0x00, 0x00, 0x00, 0x00, 0x00, 0xe0, 0x3f, 0x00, 0x00, 0x00, 0x00,
    0x00, 0x00, 0x80, 0xff, 0x01, 0x00, 0x00, 0x00, 0x00, 0x00, 0x00, 0xfe, 0x07, 0x00, 0x00, 0x00,
    0x00, 0x00, 0x00, 0xf8, 0x1f, 0x00, 0x00, 0x00, 0x00, 0x00, 0x00, 0xe0, 0x7f, 0x00, 0x00, 0x00,
    0x00, 0x00, 0x00, 0x00, 0xff, 0x01, 0x00, 0x00, 0x00, 0x00, 0x00, 0x00, 0xfc, 0x0f, 0x00, 0x00,
    0x00, 0x00, 0x00, 0x00, 0xf0, 0x1f, 0x00, 0x00, 0x00, 0x00, 0x00, 0x00, 0xfc, 0x0f, 0x00, 0x00,
    0x00, 0x00, 0x00, 0x80, 0xff, 0x03, 0x00, 0x00, 0x00, 0x00, 0x00, 0xe0, 0x7f, 0x00, 0x00, 0x00,
    0x00, 0x00, 0x00, 0xfc, 0x1f, 0x00, 0x00, 0x00, 0x00, 0x00, 0x00, 0xff, 0x03, 0x00, 0x00, 0x00,
    0x00, 0x00, 0xe0, 0xff, 0x00, 0x00, 0x00, 0x00, 0x00, 0x00, 0xf8, 0x1f, 0x00, 0x00, 0x00, 0x00,
    0x00, 0x00, 0xff, 0x07, 0x00, 0x00, 0x00, 0x00, 0x00, 0xc0, 0xff, 0x00, 0x00, 0x00, 0x00, 0x00,
    0x00, 0xe0, 0x3f, 0x00, 0x00, 0x00, 0x00, 0x00, 0x00, 0xe0, 0x07, 0x00, 0x00, 0x00, 0x00, 0x00,
    0x00, 0xe0, 0x01, 0x00, 0x00, 0x00, 0x00, 0x00, 0x00, 0x20, 0x00, 0x00, 0x00, 0x00, 0x00, 0x00,
    0x00, 0x00, 0x00, 0x00, 0x00, 0x00, 0x00, 0x00, 0x00, 0x00, 0x00, 0x00, 0x00, 0x00, 0x00, 0x00,
    0x00, 0x00, 0x00, 0x00, 0x00, 0x10, 0x00, 0x00, 0x00, 0x20, 0x00, 0x00, 0x00, 0x18, 0x00, 0x00,
    0x00, 0x60, 0x00, 0x00, 0x00, 0x1c, 0x00, 0x00, 0x00, 0xe0, 0x00, 0x00, 0x00, 0x1f, 0x00, 0x00,
    0x00, 0xe0, 0x03, 0x00, 0x80, 0x1f, 0x00, 0x00, 0x00, 0xe0, 0x07, 0x00, 0xe0, 0x0f, 0x00, 0x00,
    0x00, 0xc0, 0x1f, 0x00, 0xf0, 0x07, 0x00, 0x00, 0x00, 0x80, 0x3f, 0x00, 0xf8, 0x01, 0x00, 0x00,
    0x00, 0x00, 0x7e, 0x00, 0xfe, 0x00, 0x00, 0x00, 0x00, 0x00, 0xfc, 0x01, 0x3f, 0x00, 0x00, 0x00,
    0x00, 0x00, 0xf0, 0x83, 0x1f, 0x00, 0x00, 0x00, 0x00, 0x00, 0xe0, 0xe7, 0x0f, 0x00, 0x00, 0x00,
    0x00, 0x00, 0xc0, 0xff, 0x03, 0x00, 0x00, 0x00, 0x00, 0x00, 0x00, 0xff, 0x01, 0x00, 0x00, 0x00,
    0x00, 0x00, 0x00, 0xfe, 0x00, 0x00, 0x00, 0x00, 0x00, 0x00, 0x00, 0xff, 0x01, 0x00, 0x00, 0x00,
    0x00, 0x00, 0xc0, 0xff, 0x03, 0x00, 0x00, 0x00, 0x00, 0x00, 0xe0, 0xe7, 0x0f, 0x00, 0x00, 0x00,
    0x00, 0x00, 0xf0, 0x83, 0x1f, 0x00, 0x00, 0x00, 0x00, 0x00, 0xfc, 0x01, 0x3f, 0x00, 0x00, 0x00,
    0x00, 0x00, 0x7e, 0x00, 0xfe, 0x00, 0x00, 0x00, 0x00, 0x80, 0x3f, 0x00, 0xf8, 0x01, 0x00, 0x00,
    0x00, 0xc0, 0x1f, 0x00, 0xf0, 0x07, 0x00, 0x00, 0x00, 0xe0, 0x07, 0x00, 0xe0, 0x0f, 0x00, 0x00,
    0x00, 0xe0, 0x03, 0x00, 0x80, 0x1f, 0x00, 0x00, 0x00, 0xe0, 0x00, 0x00, 0x00, 0x1f, 0x00, 0x00,
    0x00, 0x60, 0x00, 0x00, 0x00, 0x1c, 0x00, 0x00, 0x00, 0x20, 0x00, 0x00, 0x00, 0x18, 0x00, 0x00,
    0x00, 0x00, 0x00, 0x00, 0x00, 0x10, 0x00, 0x00, 0x00, 0x00, 0x00, 0x00, 0x00, 0x00, 0x00, 0x00,
    0x00, 0x00, 0x00, 0x00, 0x00, 0x00, 0x00, 0x00, 0x00, 0x00, 0x00, 0x00, 0x00, 0x00, 0x00, 0x00,
    0x00, 0x20, 0x00, 0x00, 0x00, 0x00, 0x00, 0x00, 0x00, 0xe0, 0x01, 0x00, 0x00, 0x00, 0x00, 0x00,
    0x00, 0xe0, 0x07, 0x00, 0x00, 0x00, 0x00, 0x00, 0x00, 0xe0, 0x1f, 0x00, 0x00, 0x00, 0x00, 0x00,
    0x00, 0xc0, 0x7f, 0x00, 0x00, 0x00, 0x00, 0x00, 0x00, 0x00, 0xff, 0x03, 0x00, 0x00, 0x00, 0x00,
    0x00, 0x00, 0xfc, 0x0f, 0x00, 0x00, 0x00, 0x00, 0x00, 0x00, 0xe0, 0x3f, 0x00, 0x00, 0x80, 0x01,
    0x00, 0x00, 0x80, 0xff, 0x01, 0x00, 0xe0, 0x01, 0x00, 0x00, 0x00, 0xfe, 0x07, 0x00, 0xf8, 0x01,
    0x00, 0x00, 0x00, 0xf0, 0x1f, 0x00, 0xff, 0x01, 0x00, 0x00, 0x00, 0xc0, 0xff, 0xc0, 0xff, 0x00,
    0x00, 0x00, 0x00, 0x00, 0xff, 0xf3, 0x3f, 0x00, 0x00, 0x00, 0x00, 0x00, 0xf8, 0xff, 0x07, 0x00,
    0x00, 0x00, 0x00, 0x00, 0xe0, 0xff, 0x01, 0x00, 0x00, 0x00, 0x00, 0x00, 0xe0, 0x7f, 0x00, 0x00,
    0x00, 0x00, 0x00, 0x00, 0xfc, 0x0f, 0x00, 0x00, 0x00, 0x00, 0x00, 0x00, 0xff, 0x03, 0x00, 0x00,
    0x00, 0x00, 0x00, 0xc0, 0xff, 0x00, 0x00, 0x00, 0x00, 0x00, 0x00, 0xf8, 0x1f, 0x00, 0x00, 0x00,
    0x00, 0x00, 0x00, 0xfe, 0x07, 0x00, 0x00, 0x00, 0x00, 0x00, 0x80, 0xff, 0x01, 0x00, 0x00, 0x00,
    0x00, 0x00, 0xf0, 0x3f, 0x00, 0x00, 0x00, 0x00, 0x00, 0x00, 0xfc, 0x0f, 0x00, 0x00, 0x00, 0x00,
    0x00, 0x00, 0xff, 0x03, 0x00, 0x00, 0x00, 0x00, 0x00, 0xc0, 0x7f, 0x00, 0x00, 0x00, 0x00, 0x00,
    0x00, 0xe0, 0x1f, 0x00, 0x00, 0x00, 0x00, 0x00, 0x00, 0xe0, 0x07, 0x00, 0x00, 0x00, 0x00, 0x00,
    0x00, 0xe0, 0x01, 0x00, 0x00, 0x00, 0x00, 0x00, 0x00, 0x20, 0x00, 0x00, 0x00, 0x00, 0x00, 0x00,
    0x00, 0x00, 0x00, 0x00, 0x00, 0x00, 0x00, 0x00, 0x00, 0x00, 0x00, 0x00, 0x00, 0x00, 0x00, 0x00,
    0x00, 0x00, 0x00, 0x00, 0x00, 0x10, 0x00, 0x00, 0x00, 0xe0, 0x01, 0x00, 0x00, 0x18, 0x00, 0x00,
    0x00, 0xe0, 0x01, 0x00, 0x00, 0x1e, 0x00, 0x00, 0x00, 0xe0, 0x01, 0x00, 0x80, 0x1f, 0x00, 0x00,
    0x00, 0xe0, 0x01, 0x00, 0xc0, 0x1f, 0x00, 0x00, 0x00, 0xe0, 0x01, 0x00, 0xf0, 0x1f, 0x00, 0x00,
    0x00, 0xe0, 0x01, 0x00, 0xf8, 0x1f, 0x00, 0x00, 0x00, 0xe0, 0x01, 0x00, 0xfe, 0x1e, 0x00, 0x00,
    0x00, 0xe0, 0x01, 0x00, 0x7f, 0x1e, 0x00, 0x00, 0x00, 0xe0, 0x01, 0xc0, 0x1f, 0x1e, 0x00, 0x00,
    0x00, 0xe0, 0x01, 0xe0, 0x0f, 0x1e, 0x00, 0x00, 0x00, 0xe0, 0x01, 0xf8, 0x03, 0x1e, 0x00, 0x00,
    0x00, 0xe0, 0x01, 0xfe, 0x01, 0x1e, 0x00, 0x00, 0x00, 0xe0, 0x01, 0x7f, 0x00, 0x1e, 0x00, 0x00,
    0x00, 0xe0, 0xc1, 0x1f, 0x00, 0x1e, 0x00, 0x00, 0x00, 0xe0, 0xe1, 0x0f, 0x00, 0x1e, 0x00, 0x00,
    0x00, 0xe0, 0xf9, 0x03, 0x00, 0x1e, 0x00, 0x00, 0x00, 0xe0, 0xfd, 0x01, 0x00, 0x1e, 0x00, 0x00,
    0x00, 0xe0, 0x7f, 0x00, 0x00, 0x1e, 0x00, 0x00, 0x00, 0xe0, 0x3f, 0x00, 0x00, 0x1e, 0x00, 0x00,
    0x00, 0xe0, 0x0f, 0x00, 0x00, 0x1e, 0x00, 0x00, 0x00, 0xe0, 0x07, 0x00, 0x00, 0x1e, 0x00, 0x00,
    0x00, 0xe0, 0x01, 0x00, 0x00, 0x1e, 0x00, 0x00, 0x00, 0x60, 0x00, 0x00, 0x00, 0x1e, 0x00, 0x00,
    0x00, 0x20, 0x00, 0x00, 0x00, 0x1e, 0x00, 0x00,
};

static const uint16_t mf_bwfont_Century60_glyph_offsets_0[92] PROGMEM = {
    0x0000, 0x0000, 0x0000, 0x0000, 0x0000, 0x0000, 0x0000, 0x0000,
    0x0000, 0x0000, 0x0000, 0x0000, 0x0000, 0x000e, 0x000e, 0x001c,
    0x0036, 0x0057, 0x006c, 0x008d, 0x00ae, 0x00cf, 0x00ef, 0x010f,
    0x0130, 0x0151, 0x0170, 0x017e, 0x017e, 0x017e, 0x017e, 0x017e,
    0x017e, 0x017e, 0x01a7, 0x01c7, 0x01f6, 0x0221, 0x0241, 0x025e,
    0x0290, 0x02b6, 0x02c1, 0x02db, 0x02ff, 0x031b, 0x0352, 0x037b,
    0x03ad, 0x03cf, 0x0401, 0x0423, 0x043f, 0x045a, 0x047d, 0x04a6,
    0x04de, 0x0502, 0x0526, 0x0542, 0x0542, 0x0542, 0x0542, 0x0542,
    0x0542, 0x0542, 0x0568, 0x0590, 0x05b6, 0x05dc, 0x0602, 0x0615,
    0x063a, 0x065c, 0x0666, 0x0671, 0x0691, 0x069c, 0x06d3, 0x06f5,
    0x071b, 0x0743, 0x0769, 0x077e, 0x0794, 0x07a9, 0x07ca, 0x07ed,
    0x0820, 0x083f, 0x0860, 0x087b,
};

static const uint8_t mf_bwfont_Century60_glyph_widths_0[91] PROGMEM = {
    0x11, 0x00, 0x00, 0x00, 0x00, 0x00, 0x00, 0x00, 0x00, 0x00, 0x00, 0x00, 0x10, 0x00, 0x10, 0x1a,
    0x21, 0x21, 0x21, 0x21, 0x21, 0x21, 0x21, 0x21, 0x21, 0x21, 0x10, 0x00, 0x00, 0x00, 0x00, 0x00,
    0x00, 0x29, 0x22, 0x31, 0x2d, 0x20, 0x1d, 0x34, 0x29, 0x0e, 0x1d, 0x23, 0x1c, 0x39, 0x2c, 0x34,
    0x24, 0x34, 0x24, 0x1e, 0x1a, 0x26, 0x29, 0x38, 0x25, 0x24, 0x1d, 0x00, 0x00, 0x00, 0x00, 0x00,
    0x00, 0x29, 0x29, 0x27, 0x29, 0x27, 0x13, 0x28, 0x25, 0x0b, 0x0c, 0x1e, 0x0e, 0x3a, 0x25, 0x27,
    0x29, 0x29, 0x12, 0x17, 0x15, 0x24, 0x23, 0x32, 0x1d, 0x20, 0x19,
};

static const uint8_t mf_bwfont_Century60_glyph_data_1[63] PROGMEM = {
    0x80, 0x1f, 0x00, 0xe0, 0x7f, 0x00, 0xf0, 0xff, 0x01, 0xf8, 0xff, 0x03, 0xfc, 0xf0, 0x03, 0x3e,
    0xc0, 0x07, 0x1e, 0x80, 0x07, 0x1f, 0x80, 0x0f, 0x0f, 0x00, 0x0f, 0x0f, 0x00, 0x0f, 0x0f, 0x00,
    0x0f, 0x0f, 0x00, 0x0f, 0x0f, 0x00, 0x0f, 0x1f, 0x80, 0x0f, 0x1e, 0x80, 0x07, 0x3e, 0xc0, 0x07,
    0xfc, 0xf0, 0x03, 0xf8, 0xff, 0x03, 0xf8, 0xff, 0x00, 0xe0, 0x7f, 0x00, 0x80, 0x1f, 0x00,
};

static const uint16_t mf_bwfont_Century60_glyph_offsets_1[2] PROGMEM = {
    0x0000, 0x0015,
};

static const uint8_t mf_bwfont_Century60_glyph_widths_1[1] PROGMEM = {
    0x18,
};

static const struct mf_bwfont_char_range_s mf_bwfont_Century60_char_ranges[] = {
    {
        32, /* first char */
        91, /* char count */
        0, /* offset x */
        0, /* offset y */
        8, /* height in bytes */
        58, /* height in pixels */
        0, /* width */
        mf_bwfont_Century60_glyph_widths_0, /* glyph widths */
        mf_bwfont_Century60_glyph_offsets_0, /* glyph offsets */
        mf_bwfont_Century60_glyph_data_0, /* glyph data */
    },
    {
        176, /* first char */
        1, /* char count */
        3, /* offset x */
        1, /* offset y */
        3, /* height in bytes */
        20, /* height in pixels */
        0, /* width */
        mf_bwfont_Century60_glyph_widths_1, /* glyph widths */
        mf_bwfont_Century60_glyph_offsets_1, /* glyph offsets */
        mf_bwfont_Century60_glyph_data_1, /* glyph data */
    },
};

const struct mf_bwfont_s mf_bwfont_Century60 = {
    {
    "Century Gothic Regular 60",
    "Century60",
    56, /* width */
    58, /* height */
    11, /* min x advance */
    58, /* max x advance */
    2, /* baseline x */
    45, /* baseline y */
    74, /* line height */
    2, /* flags */
    32, /* fallback character */
    &mf_bwfont_character_width,
    &mf_bwfont_render_character,
    },
    4, /* version */
    2, /* char range count */
    mf_bwfont_Century60_char_ranges,
};

#ifdef MF_INCLUDED_FONTS
/* List entry for searching fonts by name. */
static const struct mf_font_list_s mf_bwfont_Century60_listentry = {
    MF_INCLUDED_FONTS,
    (struct mf_font_s*)&mf_bwfont_Century60
};
#undef MF_INCLUDED_FONTS
#define MF_INCLUDED_FONTS (&mf_bwfont_Century60_listentry)
#endif


/* End of automatically generated font definition for Century60. */

